ref,name,desc,label,weight,filter,unlockLevel,challengeUnlock,TierUnlock,prestigeShopUnlock,Target1,XP1,Target2,XP2,Target3,XP3,Target4,XP4,Target5,XP5,Target6,XP6,Target7,XP7,Target8,XP8,Target9,XP9,ChallengeID,col_29,col_30,col_31,col_32,col_33,col_34,col_35,col_36,col_37,col_38,col_39,col_40,col_41,col_42,col_43,col_44,col_45,Category,PrestigeUnlock
ch_marksman_h2_m4,CHALLENGE_MARKSMAN_M4,CHALLENGE_MARKSMAN_DESC,,1,challenge_assault1,3,,,,10,100,20,200,30,300,40,400,50,500,60,600,70,700,80,800,,,1,,,,,,,,,,,,,,,,,1,category_attachment,
ch_marksman_h2_famas,CHALLENGE_MARKSMAN_FAMAS,CHALLENGE_MARKSMAN_DESC,,1,challenge_assault1,3,,,,10,100,20,200,30,300,40,400,50,500,60,600,70,700,,,,,2,,,,,,,,,,,,,,,,,1,category_attachment,
ch_marksman_h2_scar,CHALLENGE_MARKSMAN_SCAR,CHALLENGE_MARKSMAN_DESC,,1,challenge_assault1,3,,,,10,100,20,200,30,300,40,400,50,500,60,600,70,700,80,800,90,900,3,,,,,,,,,,,,,,,,,1,category_attachment,
ch_marksman_h2_tavor,CHALLENGE_MARKSMAN_TAVOR,CHALLENGE_MARKSMAN_DESC,,1,challenge_assault1,3,,,,10,100,20,200,30,300,40,400,50,500,60,600,70,700,80,800,,,4,,,,,,,,,,,,,,,,,1,category_attachment,
ch_marksman_h2_fal,CHALLENGE_MARKSMAN_FAL,CHALLENGE_MARKSMAN_DESC,,1,challenge_assault1,3,,,,10,100,20,200,30,300,40,400,50,500,60,600,70,700,80,800,,,5,,,,,,,,,,,,,,,,,1,category_attachment,
ch_marksman_h2_m16,CHALLENGE_MARKSMAN_M16,CHALLENGE_MARKSMAN_DESC,,1,challenge_assault1,3,,,,10,100,20,200,30,300,40,400,50,500,60,600,70,700,80,800,,,6,,,,,,,,,,,,,,,,,1,category_attachment,
ch_marksman_h2_masada,CHALLENGE_MARKSMAN_MASADA,CHALLENGE_MARKSMAN_DESC,,1,challenge_assault1,3,,,,10,100,20,200,30,300,40,400,50,500,60,600,70,700,80,800,,,7,,,,,,,,,,,,,,,,,1,category_attachment,
ch_marksman_h2_fn2000,CHALLENGE_MARKSMAN_FN2000,CHALLENGE_MARKSMAN_DESC,,1,challenge_assault1,3,,,,10,100,20,200,30,300,40,400,50,500,60,600,70,700,,,,,8,,,,,,,,,,,,,,,,,1,category_attachment,
ch_marksman_h2_ak47,CHALLENGE_MARKSMAN_AK47,CHALLENGE_MARKSMAN_DESC,,1,challenge_assault1,3,,,,10,100,20,200,30,300,40,400,50,500,60,600,70,700,80,800,90,900,9,,,,,,,,,,,,,,,,,1,category_attachment,
ch_marksman_h2_mp5k,CHALLENGE_MARKSMAN_MP5K,CHALLENGE_MARKSMAN_DESC,,1,challenge_smg1,3,,,,10,100,20,200,30,300,40,400,50,500,60,600,70,700,80,800,90,900,10,,,,,,,,,,,,,,,,,1,category_attachment,
ch_marksman_h2_ump45,CHALLENGE_MARKSMAN_UMP45,CHALLENGE_MARKSMAN_DESC,,1,challenge_smg1,3,,,,10,100,20,200,30,300,40,400,50,500,60,600,70,700,80,800,90,900,11,,,,,,,,,,,,,,,,,1,category_attachment,
ch_marksman_h2_kriss,CHALLENGE_MARKSMAN_KRISS,CHALLENGE_MARKSMAN_DESC,,1,challenge_smg1,3,,,,10,100,20,200,30,300,40,400,50,500,60,600,70,700,80,800,90,900,12,,,,,,,,,,,,,,,,,1,category_attachment,
ch_marksman_h2_p90,CHALLENGE_MARKSMAN_P90,CHALLENGE_MARKSMAN_DESC,,1,challenge_smg1,3,,,,10,100,20,200,30,300,40,400,50,500,60,600,70,700,80,800,90,900,13,,,,,,,,,,,,,,,,,1,category_attachment,
ch_marksman_h2_uzi,CHALLENGE_MARKSMAN_UZI,CHALLENGE_MARKSMAN_DESC,,1,challenge_smg1,3,,,,10,100,20,200,30,300,40,400,50,500,60,600,70,700,80,800,90,900,14,,,,,,,,,,,,,,,,,1,category_attachment,
ch_marksman_h2_ak74u,CHALLENGE_MARKSMAN_AK74U,CHALLENGE_MARKSMAN_DESC,,1,challenge_smg1,3,,,,10,100,20,200,30,300,40,400,50,500,60,600,70,700,80,800,90,900,15,,,,,,,,,,,,,,,,,1,category_attachment,
ch_marksman_h2_sa80,CHALLENGE_MARKSMAN_SA80,CHALLENGE_MARKSMAN_DESC,,1,challenge_lmg1,3,,,,10,100,20,200,30,300,40,400,50,500,60,600,70,700,80,800,,,16,,,,,,,,,,,,,,,,,1,category_attachment,
ch_marksman_h2_rpd,CHALLENGE_MARKSMAN_RPD,CHALLENGE_MARKSMAN_DESC,,1,challenge_lmg1,3,,,,10,100,20,200,30,300,40,400,50,500,60,600,70,700,80,800,,,17,,,,,,,,,,,,,,,,,1,category_attachment,
ch_marksman_h2_mg4,CHALLENGE_MARKSMAN_MG4,CHALLENGE_MARKSMAN_DESC,,1,challenge_lmg1,3,,,,10,100,20,200,30,300,40,400,50,500,60,600,70,700,80,800,,,18,,,,,,,,,,,,,,,,,1,category_attachment,
ch_marksman_h2_aug,CHALLENGE_MARKSMAN_AUG,CHALLENGE_MARKSMAN_DESC,,1,challenge_lmg1,3,,,,10,100,20,200,30,300,40,400,50,500,60,600,70,700,80,800,,,19,,,,,,,,,,,,,,,,,1,category_attachment,
ch_marksman_h2_m240,CHALLENGE_MARKSMAN_M240,CHALLENGE_MARKSMAN_DESC,,1,challenge_lmg1,3,,,,10,100,20,200,30,300,40,400,50,500,60,600,70,700,80,800,,,20,,,,,,,,,,,,,,,,,1,category_attachment,
ch_marksman_h2_cheytac,CHALLENGE_MARKSMAN_CHEYTAC,CHALLENGE_MARKSMAN_DESC,,1,challenge_sniper1,3,,,,10,100,20,200,30,300,40,400,50,500,,,,,,,,,21,,,,,,,,,,,,,,,,,1,category_attachment,
ch_marksman_h2_barrett,CHALLENGE_MARKSMAN_BARRETT,CHALLENGE_MARKSMAN_DESC,,1,challenge_sniper1,3,,,,10,100,20,200,30,300,40,400,50,500,,,,,,,,,22,,,,,,,,,,,,,,,,,1,category_attachment,
ch_marksman_h2_wa2000,CHALLENGE_MARKSMAN_WA2000,CHALLENGE_MARKSMAN_DESC,,1,challenge_sniper1,3,,,,10,100,20,200,30,300,40,400,50,500,,,,,,,,,23,,,,,,,,,,,,,,,,,1,category_attachment,
ch_marksman_h2_m21,CHALLENGE_MARKSMAN_M21,CHALLENGE_MARKSMAN_DESC,,1,challenge_sniper1,3,,,,10,100,20,200,30,300,40,400,50,500,,,,,,,,,24,,,,,,,,,,,,,,,,,1,category_attachment,
ch_marksman_h2_m40a3,CHALLENGE_MARKSMAN_M40A3,CHALLENGE_MARKSMAN_DESC,,1,challenge_sniper1,3,,,,10,100,20,200,30,300,40,400,,,,,,,,,,,25,,,,,,,,,,,,,,,,,1,category_attachment,
ch_marksman_h2_pp2000,CHALLENGE_MARKSMAN_PP2000,CHALLENGE_MARKSMAN_DESC,,1,challenge_machine_pistol1,3,,,,10,100,20,200,30,300,40,400,50,500,,,,,,,,,26,,,,,,,,,,,,,,,,,1,category_attachment,
ch_marksman_h2_glock,CHALLENGE_MARKSMAN_GLOCK,CHALLENGE_MARKSMAN_DESC,,1,challenge_machine_pistol1,3,,,,10,100,20,200,30,300,40,400,50,500,60,600,,,,,,,27,,,,,,,,,,,,,,,,,1,category_attachment,
ch_marksman_h2_beretta393,CHALLENGE_MARKSMAN_BERETTA393,CHALLENGE_MARKSMAN_DESC,,1,challenge_machine_pistol1,3,,,,10,100,20,200,30,300,40,400,50,500,60,600,,,,,,,28,,,,,,,,,,,,,,,,,1,category_attachment,
ch_marksman_h2_tmp,CHALLENGE_MARKSMAN_TMP,CHALLENGE_MARKSMAN_DESC,,1,challenge_machine_pistol1,3,,,,10,100,20,200,30,300,40,400,50,500,60,600,,,,,,,29,,,,,,,,,,,,,,,,,1,category_attachment,
ch_marksman_h2_spas12,CHALLENGE_MARKSMAN_SPAS12,CHALLENGE_MARKSMAN_DESC,,1,challenge_shotgun1,3,,,,10,100,20,200,30,300,40,400,50,500,60,600,,,,,,,30,,,,,,,,,,,,,,,,,1,category_attachment,
ch_marksman_h2_aa12,CHALLENGE_MARKSMAN_AA12,CHALLENGE_MARKSMAN_DESC,,1,challenge_shotgun1,3,,,,10,100,20,200,30,300,40,400,50,500,60,600,,,,,,,31,,,,,,,,,,,,,,,,,1,category_attachment,
ch_marksman_h2_striker,CHALLENGE_MARKSMAN_STRIKER,CHALLENGE_MARKSMAN_DESC,,1,challenge_shotgun1,3,,,,10,100,20,200,30,300,40,400,50,500,60,600,,,,,,,32,,,,,,,,,,,,,,,,,1,category_attachment,
ch_marksman_h2_ranger,CHALLENGE_MARKSMAN_RANGER,CHALLENGE_MARKSMAN_DESC,,1,challenge_shotgun1,3,,,,10,100,20,250,,,,,,,,,,,,,,,33,,,,,,,,,,,,,,,,,1,category_attachment,
ch_marksman_h2_winchester1200,CHALLENGE_MARKSMAN_WINCHESTER1200,CHALLENGE_MARKSMAN_DESC,,1,challenge_shotgun1,3,,,,10,100,20,200,30,300,40,400,50,500,,,,,,,,,34,,,,,,,,,,,,,,,,,1,category_attachment,
ch_marksman_h2_m1014,CHALLENGE_MARKSMAN_M1014,CHALLENGE_MARKSMAN_DESC,,1,challenge_shotgun1,3,,,,10,100,20,200,30,300,40,400,50,500,60,600,,,,,,,35,,,,,,,,,,,,,,,,,1,category_attachment,
ch_marksman_h2_model1887,CHALLENGE_MARKSMAN_MODEL1887,CHALLENGE_MARKSMAN_DESC,,1,challenge_shotgun1,3,,,,10,100,20,250,,,,,,,,,,,,,,,36,,,,,,,,,,,,,,,,,1,category_attachment,
ch_marksman_h2_usp,CHALLENGE_MARKSMAN_USP,CHALLENGE_MARKSMAN_DESC,,1,challenge_pistol1,3,,,,10,100,20,200,30,300,40,400,50,500,,,,,,,,,37,,,,,,,,,,,,,,,,,1,category_attachment,
ch_marksman_h2_coltanaconda,CHALLENGE_MARKSMAN_COLTANACONDA,CHALLENGE_MARKSMAN_DESC,,1,challenge_pistol1,3,,,,10,100,20,200,30,300,,,,,,,,,,,,,38,,,,,,,,,,,,,,,,,1,category_attachment,
ch_marksman_h2_m9,CHALLENGE_MARKSMAN_M9,CHALLENGE_MARKSMAN_DESC,,1,challenge_pistol1,3,,,,10,100,20,200,30,300,40,400,50,500,,,,,,,,,39,,,,,,,,,,,,,,,,,1,category_attachment,
ch_marksman_h2_colt45,CHALLENGE_MARKSMAN_COLT45,CHALLENGE_MARKSMAN_DESC,,1,challenge_pistol1,3,,,,10,100,20,200,30,300,40,400,50,500,,,,,,,,,40,,,,,,,,,,,,,,,,,1,category_attachment,
ch_marksman_h2_deserteagle,CHALLENGE_MARKSMAN_DESERTEAGLE,CHALLENGE_MARKSMAN_DESC,,1,challenge_pistol1,3,,,,10,100,20,200,30,300,,,,,,,,,,,,,41,,,,,,,,,,,,,,,,,1,category_attachment,
ch_marksman_h2_at4,CHALLENGE_MARKSMAN_AT4,CHALLENGE_MARKSMAN_DESC,,1,challenge_launcher1,3,,,,10,250,25,250,50,500,100,1000,,,,,,,,,,,90,,,,,,,,,,,,,,,,,,category_weapons,
ch_marksman_h2_rpg,CHALLENGE_MARKSMAN_RPG,CHALLENGE_MARKSMAN_DESC,,1,challenge_launcher1,3,,,,10,250,25,250,50,500,100,1000,,,,,,,,,,,91,,,,,,,,,,,,,,,,,,category_weapons,
ch_marksman_h2_m79,CHALLENGE_MARKSMAN_M79,CHALLENGE_MARKSMAN_DESC,,1,challenge_launcher1,3,,,,10,250,25,250,50,500,100,1000,,,,,,,,,,,92,,,,,,,,,,,,,,,,,,category_weapons,
ch_marksman_javelin,CHALLENGE_MARKSMAN_JAVELIN,CHALLENGE_MARKSMAN_DESC,,1,challenge_launcher1,3,,,,10,250,25,250,50,500,100,1000,,,,,,,,,,,93,,,,,,,,,,,,,,,,,,category_weapons,
ch_expert_h2_m4,CHALLENGE_EXPERT_M4,CHALLENGE_EXPERT_DESC,,1,category_assault2,3,,,,10,250,20,250,30,250,40,250,50,250,60,250,70,250,80,250,100,250,42,,,,,,,,,,,,,,,ch_h2_ar_diamond,,,category_weapons,
ch_expert_h2_famas,CHALLENGE_EXPERT_FAMAS,CHALLENGE_EXPERT_DESC,,1,category_assault2,3,,,,10,250,20,250,30,250,40,250,50,250,60,250,70,250,80,250,100,250,43,,,,,,,,,,,,,,,ch_h2_ar_diamond,,,category_weapons,
ch_expert_h2_scar,CHALLENGE_EXPERT_SCAR,CHALLENGE_EXPERT_DESC,,1,category_assault2,3,,,,10,250,20,250,30,250,40,250,50,250,60,250,70,250,80,250,100,250,44,,,,,,,,,,,,,,,ch_h2_ar_diamond,,,category_weapons,
ch_expert_h2_tavor,CHALLENGE_EXPERT_TAVOR,CHALLENGE_EXPERT_DESC,,1,category_assault2,3,,,,10,250,20,250,30,250,40,250,50,250,60,250,70,250,80,250,100,250,45,,,,,,,,,,,,,,,ch_h2_ar_diamond,,,category_weapons,
ch_expert_h2_fal,CHALLENGE_EXPERT_FAL,CHALLENGE_EXPERT_DESC,,1,category_assault2,3,,,,10,250,20,250,30,250,40,250,50,250,60,250,70,250,80,250,100,250,46,,,,,,,,,,,,,,,ch_h2_ar_diamond,,,category_weapons,
ch_expert_h2_m16,CHALLENGE_EXPERT_M16,CHALLENGE_EXPERT_DESC,,1,category_assault2,3,,,,10,250,20,250,30,250,40,250,50,250,60,250,70,250,80,250,100,250,47,,,,,,,,,,,,,,,ch_h2_ar_diamond,,,category_weapons,
ch_expert_h2_masada,CHALLENGE_EXPERT_MASADA,CHALLENGE_EXPERT_DESC,,1,category_assault2,3,,,,10,250,20,250,30,250,40,250,50,250,60,250,70,250,80,250,100,250,48,,,,,,,,,,,,,,,ch_h2_ar_diamond,,,category_weapons,
ch_expert_h2_fn2000,CHALLENGE_EXPERT_FN2000,CHALLENGE_EXPERT_DESC,,1,category_assault2,3,,,,10,250,20,250,30,250,40,250,50,250,60,250,70,250,80,250,100,250,49,,,,,,,,,,,,,,,ch_h2_ar_diamond,,,category_weapons,
ch_expert_h2_ak47,CHALLENGE_EXPERT_AK47,CHALLENGE_EXPERT_DESC,,1,category_assault2,3,,,,10,250,20,250,30,250,40,250,50,250,60,250,70,250,80,250,100,250,50,,,,,,,,,,,,,,,ch_h2_ar_diamond,,,category_weapons,
ch_expert_h2_mp5k,CHALLENGE_EXPERT_MP5K,CHALLENGE_EXPERT_DESC,,1,category_smg2,3,,,,10,250,20,250,30,250,40,250,50,250,60,250,70,250,80,250,100,250,51,,,,,,,,,,,,,,,ch_h2_smg_diamond,,,category_weapons,
ch_expert_h2_ump45,CHALLENGE_EXPERT_UMP45,CHALLENGE_EXPERT_DESC,,1,category_smg2,3,,,,10,250,20,250,30,250,40,250,50,250,60,250,70,250,80,250,100,250,52,,,,,,,,,,,,,,,ch_h2_smg_diamond,,,category_weapons,
ch_expert_h2_kriss,CHALLENGE_EXPERT_KRISS,CHALLENGE_EXPERT_DESC,,1,category_smg2,3,,,,10,250,20,250,30,250,40,250,50,250,60,250,70,250,80,250,100,250,53,,,,,,,,,,,,,,,ch_h2_smg_diamond,,,category_weapons,
ch_expert_h2_p90,CHALLENGE_EXPERT_P90,CHALLENGE_EXPERT_DESC,,1,category_smg2,3,,,,10,250,20,250,30,250,40,250,50,250,60,250,70,250,80,250,100,250,54,,,,,,,,,,,,,,,ch_h2_smg_diamond,,,category_weapons,
ch_expert_h2_uzi,CHALLENGE_EXPERT_uzi,CHALLENGE_EXPERT_DESC,,1,category_smg2,3,,,,10,250,20,250,30,250,40,250,50,250,60,250,70,250,80,250,100,250,55,,,,,,,,,,,,,,,ch_h2_smg_diamond,,,category_weapons,
ch_expert_h2_ak74u,CHALLENGE_EXPERT_AK74U,CHALLENGE_EXPERT_DESC,,1,category_smg2,3,,,,10,250,20,250,30,250,40,250,50,250,60,250,70,250,80,250,100,250,56,,,,,,,,,,,,,,,ch_h2_smg_diamond,,,category_weapons,
ch_expert_h2_sa80,CHALLENGE_EXPERT_SA80,CHALLENGE_EXPERT_DESC,,1,category_lmg2,3,,,,10,250,20,250,30,250,40,250,50,250,60,250,70,250,80,250,100,250,57,,,,,,,,,,,,,,,ch_h2_lmg_diamond,,,category_weapons,
ch_expert_h2_rpd,CHALLENGE_EXPERT_RPD,CHALLENGE_EXPERT_DESC,,1,category_lmg2,3,,,,10,250,20,250,30,250,40,250,50,250,60,250,70,250,80,250,100,250,58,,,,,,,,,,,,,,,ch_h2_lmg_diamond,,,category_weapons,
ch_expert_h2_mg4,CHALLENGE_EXPERT_MG4,CHALLENGE_EXPERT_DESC,,1,category_lmg2,3,,,,10,250,20,250,30,250,40,250,50,250,60,250,70,250,80,250,100,250,59,,,,,,,,,,,,,,,ch_h2_lmg_diamond,,,category_weapons,
ch_expert_h2_aug,CHALLENGE_EXPERT_AUG,CHALLENGE_EXPERT_DESC,,1,category_lmg2,3,,,,10,250,20,250,30,250,40,250,50,250,60,250,70,250,80,250,100,250,87,,,,,,,,,,,,,,,ch_h2_lmg_diamond,,,category_weapons,
ch_expert_h2_m240,CHALLENGE_EXPERT_M240,CHALLENGE_EXPERT_DESC,,1,category_lmg2,3,,,,10,250,20,250,30,250,40,250,50,250,60,250,70,250,80,250,100,250,60,,,,,,,,,,,,,,,ch_h2_lmg_diamond,,,category_weapons,
ch_expert_h2_cheytac,CHALLENGE_EXPERT_CHEYTAC,CHALLENGE_EXPERT_DESC,,1,category_sniper2,3,,,,8,250,16,250,24,250,32,250,40,250,48,250,56,250,64,250,75,250,61,,,,,,,,,,,,,,,ch_h2_sniper_diamond,,,category_weapons,
ch_expert_h2_barrett,CHALLENGE_EXPERT_BARRETT,CHALLENGE_EXPERT_DESC,,1,category_sniper2,3,,,,8,250,16,250,24,250,32,250,40,250,48,250,56,250,64,250,75,250,62,,,,,,,,,,,,,,,ch_h2_sniper_diamond,,,category_weapons,
ch_expert_h2_wa2000,CHALLENGE_EXPERT_WA2000,CHALLENGE_EXPERT_DESC,,1,category_sniper2,3,,,,8,250,16,250,24,250,32,250,40,250,48,250,56,250,64,250,75,250,63,,,,,,,,,,,,,,,ch_h2_sniper_diamond,,,category_weapons,
ch_expert_h2_m21,CHALLENGE_EXPERT_M21,CHALLENGE_EXPERT_DESC,,1,category_sniper2,3,,,,8,250,16,250,24,250,32,250,40,250,48,250,56,250,64,250,75,250,64,,,,,,,,,,,,,,,ch_h2_sniper_diamond,,,category_weapons,
ch_expert_h2_m40a3,CHALLENGE_EXPERT_M40A3,CHALLENGE_EXPERT_DESC,,1,category_sniper2,3,,,,8,250,16,250,24,250,32,250,40,250,48,250,56,250,64,250,75,250,65,,,,,,,,,,,,,,,ch_h2_sniper_diamond,,,category_weapons,
ch_expert_h2_pp2000,CHALLENGE_EXPERT_PP2000,CHALLENGE_EXPERT_DESC,,1,category_machine_pistol2,3,,,,5,250,10,250,15,250,20,250,25,250,30,250,35,250,40,250,50,250,66,,,,,,,,,,,,,,,ch_h2_machine_pistol_diamond,,,category_weapons,
ch_expert_h2_glock,CHALLENGE_EXPERT_GLOCK,CHALLENGE_EXPERT_DESC,,1,category_machine_pistol2,3,,,,5,250,10,250,15,250,20,250,25,250,30,250,35,250,40,250,50,250,67,,,,,,,,,,,,,,,ch_h2_machine_pistol_diamond,,,category_weapons,
ch_expert_h2_beretta393,CHALLENGE_EXPERT_beretta393,CHALLENGE_EXPERT_DESC,,1,category_machine_pistol2,3,,,,5,250,10,250,15,250,20,250,25,250,30,250,35,250,40,250,50,250,68,,,,,,,,,,,,,,,ch_h2_machine_pistol_diamond,,,category_weapons,
ch_expert_h2_tmp,CHALLENGE_EXPERT_TMP,CHALLENGE_EXPERT_DESC,,1,category_machine_pistol2,3,,,,5,250,10,250,15,250,20,250,25,250,30,250,35,250,40,250,50,250,69,,,,,,,,,,,,,,,ch_h2_machine_pistol_diamond,,,category_weapons,
ch_expert_h2_spas12,CHALLENGE_EXPERT_SPAS12,CHALLENGE_EXPERT_DESC,,1,category_shotgun2,3,,,,5,250,10,250,15,250,20,250,25,250,30,250,35,250,40,250,50,250,70,,,,,,,,,,,,,,,ch_h2_shotgun_diamond,,,category_weapons,
ch_expert_h2_aa12,CHALLENGE_EXPERT_AA12,CHALLENGE_EXPERT_DESC,,1,category_shotgun2,3,,,,5,250,10,250,15,250,20,250,25,250,30,250,35,250,40,250,50,250,71,,,,,,,,,,,,,,,ch_h2_shotgun_diamond,,,category_weapons,
ch_expert_h2_striker,CHALLENGE_EXPERT_STRIKER,CHALLENGE_EXPERT_DESC,,1,category_shotgun2,3,,,,5,250,10,250,15,250,20,250,25,250,30,250,35,250,40,250,50,250,72,,,,,,,,,,,,,,,ch_h2_shotgun_diamond,,,category_weapons,
ch_expert_h2_ranger,CHALLENGE_EXPERT_RANGER,CHALLENGE_EXPERT_DESC,,1,category_shotgun2,3,,,,5,250,10,250,15,250,20,250,25,250,30,250,35,250,40,250,50,250,73,,,,,,,,,,,,,,,ch_h2_shotgun_diamond,,,category_weapons,
ch_expert_h2_m1014,CHALLENGE_EXPERT_M1014,CHALLENGE_EXPERT_DESC,,1,category_shotgun2,3,,,,5,250,10,250,15,250,20,250,25,250,30,250,35,250,40,250,50,250,74,,,,,,,,,,,,,,,ch_h2_shotgun_diamond,,,category_weapons,
ch_expert_h2_model1887,CHALLENGE_EXPERT_MODEL1887,CHALLENGE_EXPERT_DESC,,1,category_shotgun2,3,,,,5,250,10,250,15,250,20,250,25,250,30,250,35,250,40,250,50,250,75,,,,,,,,,,,,,,,ch_h2_shotgun_diamond,,,category_weapons,
ch_expert_h2_winchester1200,CHALLENGE_EXPERT_WINCHESTER1200,CHALLENGE_EXPERT_DESC,,1,category_shotgun2,3,,,,5,250,10,250,15,250,20,250,25,250,30,250,35,250,40,250,50,250,76,,,,,,,,,,,,,,,ch_h2_shotgun_diamond,,,category_weapons,
ch_expert_h2_usp,CHALLENGE_EXPERT_USP,CHALLENGE_EXPERT_DESC,,1,category_pistol2,3,,,,5,250,10,250,15,250,20,250,25,250,30,250,35,250,40,250,50,250,77,,,,,,,,,,,,,,,ch_h2_pistol_diamond,,,category_weapons,
ch_expert_h2_coltanaconda,CHALLENGE_EXPERT_COLTANACONDA,CHALLENGE_EXPERT_DESC,,1,category_pistol2,3,,,,5,250,10,250,15,250,20,250,25,250,30,250,35,250,40,250,50,250,78,,,,,,,,,,,,,,,ch_h2_pistol_diamond,,,category_weapons,
ch_expert_h2_m9,CHALLENGE_EXPERT_M9,CHALLENGE_EXPERT_DESC,,1,category_pistol2,3,,,,5,250,10,250,15,250,20,250,25,250,30,250,35,250,40,250,50,250,79,,,,,,,,,,,,,,,ch_h2_pistol_diamond,,,category_weapons,
ch_expert_h2_deserteagle,CHALLENGE_EXPERT_DESERTEAGLE,CHALLENGE_EXPERT_DESC,,1,category_pistol2,3,,,,5,250,10,250,15,250,20,250,25,250,30,250,35,250,40,250,50,250,80,,,,,,,,,,,,,,,ch_h2_pistol_diamond,,,category_weapons,
ch_expert_h2_colt45,CHALLENGE_EXPERT_COLT45,CHALLENGE_EXPERT_DESC,,1,category_pistol2,3,,,,5,250,10,250,15,250,20,250,25,250,30,250,35,250,40,250,50,250,81,,,,,,,,,,,,,,,ch_h2_pistol_diamond,,,category_weapons,
ch_marksman_h2_sickle,CHALLENGE_MARKSMAN_SICKLE,CHALLENGE_MARKSMAN_DESC,,1,category_melee1,3,,,,10,250,20,250,30,250,40,250,50,250,60,250,70,250,80,250,100,250,82,,,,,,,,,,,,,,,ch_h2_melee_diamond,,,category_weapons,
ch_marksman_h2_shovel,CHALLENGE_MARKSMAN_SHOVEL,CHALLENGE_MARKSMAN_DESC,,1,category_melee1,3,,,,10,250,20,250,30,250,40,250,50,250,60,250,70,250,80,250,100,250,83,,,,,,,,,,,,,,,ch_h2_melee_diamond,,,category_weapons,
ch_marksman_h2_karambit,CHALLENGE_MARKSMAN_KARAMBIT,CHALLENGE_MARKSMAN_DESC,,1,category_melee1,3,,,,10,250,20,250,30,250,40,250,50,250,60,250,70,250,80,250,100,250,84,,,,,,,,,,,,,,,ch_h2_melee_diamond,,,category_weapons,
ch_marksman_h2_icepick,CHALLENGE_MARKSMAN_ICEPICK,CHALLENGE_MARKSMAN_DESC,,1,category_melee1,3,,,,10,250,20,250,30,250,40,250,50,250,60,250,70,250,80,250,100,250,85,,,,,,,,,,,,,,,ch_h2_melee_diamond,,,category_weapons,
ch_marksman_h2_hatchet,CHALLENGE_MARKSMAN_HATCHET,CHALLENGE_MARKSMAN_DESC,,1,category_melee1,3,,,,10,250,20,250,30,250,40,250,50,250,60,250,70,250,80,250,100,250,86,,,,,,,,,,,,,,,ch_h2_melee_diamond,,,category_weapons,
ch_h2_ar_diamond,CHALLENGE_AR_DIAMOND,CHALLENGE_AR_DIAMOND_DESC,,1,category_mastery2,3,,,,9,5000,,,,,,,,,,,,,,,,,1007,,,,,,,,,,,,,,,ch_h2_darkmatter,,,category_weapons,
ch_h2_smg_diamond,CHALLENGE_SMG_DIAMOND,CHALLENGE_SMG_DIAMOND_DESC,,1,category_mastery2,3,,,,6,5000,,,,,,,,,,,,,,,,,1008,,,,,,,,,,,,,,,ch_h2_darkmatter,,,category_weapons,
ch_h2_lmg_diamond,CHALLENGE_LMG_DIAMOND,CHALLENGE_LMG_DIAMOND_DESC,,1,category_mastery2,3,,,,5,5000,,,,,,,,,,,,,,,,,1009,,,,,,,,,,,,,,,ch_h2_darkmatter,,,category_weapons,
ch_h2_sniper_diamond,CHALLENGE_SNIPER_DIAMOND,CHALLENGE_SNIPER_DIAMOND_DESC,,1,category_mastery2,3,,,,5,5000,,,,,,,,,,,,,,,,,1010,,,,,,,,,,,,,,,ch_h2_darkmatter,,,category_weapons,
ch_h2_machine_pistol_diamond,CHALLENGE_MACHINE_PISTOL_DIAMOND,CHALLENGE_MACHINE_PISTOL_DIAMOND_DESC,,1,category_mastery2,3,,,,4,5000,,,,,,,,,,,,,,,,,1011,,,,,,,,,,,,,,,ch_h2_darkmatter,,,category_weapons,
ch_h2_shotgun_diamond,CHALLENGE_SHOTGUN_DIAMOND,CHALLENGE_SHOTGUN_DIAMOND_DESC,,1,category_mastery2,3,,,,7,5000,,,,,,,,,,,,,,,,,1012,,,,,,,,,,,,,,,ch_h2_darkmatter,,,category_weapons,
ch_h2_pistol_diamond,CHALLENGE_PISTOL_DIAMOND,CHALLENGE_PISTOL_DIAMOND_DESC,,1,category_mastery2,3,,,,5,5000,,,,,,,,,,,,,,,,,1013,,,,,,,,,,,,,,,ch_h2_darkmatter,,,category_weapons,
ch_h2_melee_diamond,CHALLENGE_MELEE_DIAMOND,CHALLENGE_MELEE_DIAMOND_DESC,,1,category_mastery2,3,,,,5,5000,,,,,,,,,,,,,,,,,1014,,,,,,,,,,,,,,,ch_h2_darkmatter,,,category_weapons,
ch_h2_darkmatter,CHALLENGE_DARKMATTER,CHALLENGE_DARKMATTER_DESC,,1,,3,,,,8,25000,,,,,,,,,,,,,,,,,1032,,,,,,,,,,,,,,,ch_h2_darkmatter,,,category_weapons,
ch_marksman_h2_m4_2,CHALLENGE_MARKSMAN_M4,CHALLENGE_MARKSMAN_DESC,,1,category_assault3,3,,,,100,250,200,250,300,250,400,250,500,250,600,250,700,250,800,250,,,1033,,,,,,,,,,,,,,,,,,category_dlc,
ch_marksman_h2_famas_2,CHALLENGE_MARKSMAN_FAMAS,CHALLENGE_MARKSMAN_DESC,,1,category_assault3,3,,,,100,250,200,250,300,250,400,250,500,250,600,250,700,250,800,250,,,1034,,,,,,,,,,,,,,,,,,category_dlc,
ch_marksman_h2_scar_2,CHALLENGE_MARKSMAN_SCAR,CHALLENGE_MARKSMAN_DESC,,1,category_assault3,3,,,,100,250,200,250,300,250,400,250,500,250,600,250,700,250,800,250,,,1035,,,,,,,,,,,,,,,,,,category_dlc,
ch_marksman_h2_tavor_2,CHALLENGE_MARKSMAN_TAVOR,CHALLENGE_MARKSMAN_DESC,,1,category_assault3,3,,,,100,250,200,250,300,250,400,250,500,250,600,250,700,250,800,250,,,1036,,,,,,,,,,,,,,,,,,category_dlc,
ch_marksman_h2_fal_2,CHALLENGE_MARKSMAN_FAL,CHALLENGE_MARKSMAN_DESC,,1,category_assault3,3,,,,100,250,200,250,300,250,400,250,500,250,600,250,700,250,800,250,,,1037,,,,,,,,,,,,,,,,,,category_dlc,
ch_marksman_h2_m16_2,CHALLENGE_MARKSMAN_M16,CHALLENGE_MARKSMAN_DESC,,1,category_assault3,3,,,,100,250,200,250,300,250,400,250,500,250,600,250,700,250,800,250,,,1038,,,,,,,,,,,,,,,,,,category_dlc,
ch_marksman_h2_masada_2,CHALLENGE_MARKSMAN_MASADA,CHALLENGE_MARKSMAN_DESC,,1,category_assault3,3,,,,100,250,200,250,300,250,400,250,500,250,600,250,700,250,800,250,,,1039,,,,,,,,,,,,,,,,,,category_dlc,
ch_marksman_h2_fn2000_2,CHALLENGE_MARKSMAN_FN2000,CHALLENGE_MARKSMAN_DESC,,1,category_assault3,3,,,,100,250,200,250,300,250,400,250,500,250,600,250,700,250,800,250,,,1040,,,,,,,,,,,,,,,,,,category_dlc,
ch_marksman_h2_ak47_2,CHALLENGE_MARKSMAN_AK47,CHALLENGE_MARKSMAN_DESC,,1,category_assault3,3,,,,100,250,200,250,300,250,400,250,500,250,600,250,700,250,800,250,,,1041,,,,,,,,,,,,,,,,,,category_dlc,
ch_marksman_h2_mp5k_2,CHALLENGE_MARKSMAN_MP5K,CHALLENGE_MARKSMAN_DESC,,1,category_smg3,3,,,,100,250,200,250,300,250,400,250,500,250,600,250,700,250,800,250,,,1042,,,,,,,,,,,,,,,,,,category_dlc,
ch_marksman_h2_ump45_2,CHALLENGE_MARKSMAN_UMP45,CHALLENGE_MARKSMAN_DESC,,1,category_smg3,3,,,,100,250,200,250,300,250,400,250,500,250,600,250,700,250,800,250,,,1043,,,,,,,,,,,,,,,,,,category_dlc,
ch_marksman_h2_kriss_2,CHALLENGE_MARKSMAN_KRISS,CHALLENGE_MARKSMAN_DESC,,1,category_smg3,3,,,,100,250,200,250,300,250,400,250,500,250,600,250,700,250,800,250,,,1044,,,,,,,,,,,,,,,,,,category_dlc,
ch_marksman_h2_p90_2,CHALLENGE_MARKSMAN_P90,CHALLENGE_MARKSMAN_DESC,,1,category_smg3,3,,,,100,250,200,250,300,250,400,250,500,250,600,250,700,250,800,250,,,1045,,,,,,,,,,,,,,,,,,category_dlc,
ch_marksman_h2_uzi_2,CHALLENGE_MARKSMAN_UZI,CHALLENGE_MARKSMAN_DESC,,1,category_smg3,3,,,,100,250,200,250,300,250,400,250,500,250,600,250,700,250,800,250,,,1046,,,,,,,,,,,,,,,,,,category_dlc,
ch_marksman_h2_ak74u_2,CHALLENGE_MARKSMAN_AK74U,CHALLENGE_MARKSMAN_DESC,,1,category_smg3,3,,,,100,250,200,250,300,250,400,250,500,250,600,250,700,250,800,250,,,1047,,,,,,,,,,,,,,,,,,category_dlc,
ch_marksman_h2_sa80_2,CHALLENGE_MARKSMAN_sa80,CHALLENGE_MARKSMAN_DESC,,1,category_lmg3,3,,,,100,250,200,250,300,250,400,250,500,250,600,250,700,250,800,250,,,1048,,,,,,,,,,,,,,,,,,category_dlc,
ch_marksman_h2_rpd_2,CHALLENGE_MARKSMAN_RPD,CHALLENGE_MARKSMAN_DESC,,1,category_lmg3,3,,,,100,250,200,250,300,250,400,250,500,250,600,250,700,250,800,250,,,1049,,,,,,,,,,,,,,,,,,category_dlc,
ch_marksman_h2_mg4_2,CHALLENGE_MARKSMAN_MG4,CHALLENGE_MARKSMAN_DESC,,1,category_lmg3,3,,,,100,250,200,250,300,250,400,250,500,250,600,250,700,250,800,250,,,1050,,,,,,,,,,,,,,,,,,category_dlc,
ch_marksman_h2_aug_2,CHALLENGE_MARKSMAN_AUG,CHALLENGE_MARKSMAN_DESC,,1,category_lmg3,3,,,,100,250,200,250,300,250,400,250,500,250,600,250,700,250,800,250,,,1051,,,,,,,,,,,,,,,,,,category_dlc,
ch_marksman_h2_m240_2,CHALLENGE_MARKSMAN_M240,CHALLENGE_MARKSMAN_DESC,,1,category_lmg3,3,,,,100,250,200,250,300,250,400,250,500,250,600,250,700,250,800,250,,,1052,,,,,,,,,,,,,,,,,,category_dlc,
ch_marksman_h2_cheytac_2,CHALLENGE_MARKSMAN_CHEYTAC,CHALLENGE_MARKSMAN_DESC,,1,category_sniper3,3,,,,100,250,200,250,300,250,400,250,500,250,600,250,700,250,800,250,,,1053,,,,,,,,,,,,,,,,,,category_dlc,
ch_marksman_h2_barrett_2,CHALLENGE_MARKSMAN_BARRETT,CHALLENGE_MARKSMAN_DESC,,1,category_sniper3,3,,,,100,250,200,250,300,250,400,250,500,250,600,250,700,250,800,250,,,1054,,,,,,,,,,,,,,,,,,category_dlc,
ch_marksman_h2_wa2000_2,CHALLENGE_MARKSMAN_WA2000,CHALLENGE_MARKSMAN_DESC,,1,category_sniper3,3,,,,100,250,200,250,300,250,400,250,500,250,600,250,700,250,800,250,,,1055,,,,,,,,,,,,,,,,,,category_dlc,
ch_marksman_h2_m21_2,CHALLENGE_MARKSMAN_M21,CHALLENGE_MARKSMAN_DESC,,1,category_sniper3,3,,,,100,250,200,250,300,250,400,250,500,250,600,250,700,250,800,250,,,1056,,,,,,,,,,,,,,,,,,category_dlc,
ch_marksman_h2_m40a3_2,CHALLENGE_MARKSMAN_M40A3,CHALLENGE_MARKSMAN_DESC,,1,category_sniper3,3,,,,100,250,200,250,300,250,400,250,500,250,600,250,700,250,800,250,,,1057,,,,,,,,,,,,,,,,,,category_dlc,
ch_marksman_h2_pp2000_2,CHALLENGE_MARKSMAN_PP2000,CHALLENGE_MARKSMAN_DESC,,1,category_machine_pistol3,3,,,,50,250,100,250,150,250,200,250,250,250,300,250,350,250,400,250,450,250,1058,,,,,,,,,,,,,,,,,,category_dlc,
ch_marksman_h2_glock_2,CHALLENGE_MARKSMAN_GLOCK,CHALLENGE_MARKSMAN_DESC,,1,category_machine_pistol3,3,,,,50,250,100,250,150,250,200,250,250,250,300,250,350,250,400,250,450,250,1059,,,,,,,,,,,,,,,,,,category_dlc,
ch_marksman_h2_beretta393_2,CHALLENGE_MARKSMAN_BERETTA393,CHALLENGE_MARKSMAN_DESC,,1,category_machine_pistol3,3,,,,50,250,100,250,150,250,200,250,250,250,300,250,350,250,400,250,450,250,1060,,,,,,,,,,,,,,,,,,category_dlc,
ch_marksman_h2_tmp_2,CHALLENGE_MARKSMAN_TMP,CHALLENGE_MARKSMAN_DESC,,1,category_machine_pistol3,3,,,,50,250,100,250,150,250,200,250,250,250,300,250,350,250,400,250,450,250,1061,,,,,,,,,,,,,,,,,,category_dlc,
ch_marksman_h2_spas12_2,CHALLENGE_MARKSMAN_SPAS12,CHALLENGE_MARKSMAN_DESC,,1,category_shotgun3,3,,,,50,250,100,250,150,250,200,250,250,250,300,250,350,250,400,250,,,1062,,,,,,,,,,,,,,,,,,category_dlc,
ch_marksman_h2_aa12_2,CHALLENGE_MARKSMAN_AA12,CHALLENGE_MARKSMAN_DESC,,1,category_shotgun3,3,,,,50,250,100,250,150,250,200,250,250,250,300,250,350,250,400,250,,,1063,,,,,,,,,,,,,,,,,,category_dlc,
ch_marksman_h2_striker_2,CHALLENGE_MARKSMAN_STRIKER,CHALLENGE_MARKSMAN_DESC,,1,category_shotgun3,3,,,,50,250,100,250,150,250,200,250,250,250,300,250,350,250,400,250,,,1064,,,,,,,,,,,,,,,,,,category_dlc,
ch_marksman_h2_ranger_2,CHALLENGE_MARKSMAN_RANGER,CHALLENGE_MARKSMAN_DESC,,1,category_shotgun3,3,,,,50,250,100,250,150,250,200,250,250,250,300,250,350,250,400,250,,,1065,,,,,,,,,,,,,,,,,,category_dlc,
ch_marksman_h2_m1014_2,CHALLENGE_MARKSMAN_M1014,CHALLENGE_MARKSMAN_DESC,,1,category_shotgun3,3,,,,50,250,100,250,150,250,200,250,250,250,300,250,350,250,400,250,,,1066,,,,,,,,,,,,,,,,,,category_dlc,
ch_marksman_h2_model1887_2,CHALLENGE_MARKSMAN_MODEL1887,CHALLENGE_MARKSMAN_DESC,,1,category_shotgun3,3,,,,50,250,100,250,150,250,200,250,250,250,300,250,350,250,400,250,,,1067,,,,,,,,,,,,,,,,,,category_dlc,
ch_marksman_h2_winchester1200_2,CHALLENGE_MARKSMAN_WINCHESTER1200,CHALLENGE_MARKSMAN_DESC,,1,category_shotgun3,3,,,,50,250,100,250,150,250,200,250,250,250,300,250,350,250,400,250,,,1068,,,,,,,,,,,,,,,,,,category_dlc,
ch_marksman_h2_usp_2,CHALLENGE_MARKSMAN_USP,CHALLENGE_MARKSMAN_DESC,,1,category_pistol3,3,,,,50,250,100,250,150,250,200,250,250,250,300,250,350,250,400,250,,,1069,,,,,,,,,,,,,,,,,,category_dlc,
ch_marksman_h2_coltanaconda_2,CHALLENGE_MARKSMAN_COLTANACONDA,CHALLENGE_MARKSMAN_DESC,,1,category_pistol3,3,,,,50,250,100,250,150,250,200,250,250,250,300,250,350,250,400,250,,,1070,,,,,,,,,,,,,,,,,,category_dlc,
ch_marksman_h2_m9_2,CHALLENGE_MARKSMAN_M9,CHALLENGE_MARKSMAN_DESC,,1,category_pistol3,3,,,,50,250,100,250,150,250,200,250,250,250,300,250,350,250,400,250,,,1071,,,,,,,,,,,,,,,,,,category_dlc,
ch_marksman_h2_deserteagle_2,CHALLENGE_MARKSMAN_DESERTEAGLE,CHALLENGE_MARKSMAN_DESC,,1,category_pistol3,3,,,,50,250,100,250,150,250,200,250,250,250,300,250,350,250,400,250,,,1072,,,,,,,,,,,,,,,,,,category_dlc,
ch_marksman_h2_colt45_2,CHALLENGE_MARKSMAN_COLT45,CHALLENGE_MARKSMAN_DESC,,1,category_pistol3,3,,,,50,250,100,250,150,250,200,250,250,250,300,250,350,250,400,250,,,1073,,,,,,,,,,,,,,,,,,category_dlc,
ch_marksman_h2_sickle_2,CHALLENGE_MARKSMAN_SICKLE,CHALLENGE_MARKSMAN_DESC,,1,category_melee2,3,,,,50,250,100,250,150,250,200,250,250,250,300,250,350,250,400,250,,,1074,,,,,,,,,,,,,,,,,,category_dlc,
ch_marksman_h2_shovel_2,CHALLENGE_MARKSMAN_SHOVEL,CHALLENGE_MARKSMAN_DESC,,1,category_melee2,3,,,,50,250,100,250,150,250,200,250,250,250,300,250,350,250,400,250,,,1075,,,,,,,,,,,,,,,,,,category_dlc,
ch_marksman_h2_karambit_2,CHALLENGE_MARKSMAN_KARAMBIT,CHALLENGE_MARKSMAN_DESC,,1,category_melee2,3,,,,50,250,100,250,150,250,200,250,250,250,300,250,350,250,400,250,,,1076,,,,,,,,,,,,,,,,,,category_dlc,
ch_marksman_h2_hatchet_2,CHALLENGE_MARKSMAN_HATCHET,CHALLENGE_MARKSMAN_DESC,,1,category_melee2,3,,,,50,250,100,250,150,250,200,250,250,250,300,250,350,250,400,250,,,1077,,,,,,,,,,,,,,,,,,category_dlc,
ch_marksman_h2_icepick_2,CHALLENGE_MARKSMAN_ICEPICK,CHALLENGE_MARKSMAN_DESC,,1,category_melee2,3,,,,50,250,100,250,150,250,200,250,250,250,300,250,350,250,400,250,,,1078,,,,,,,,,,,,,,,,,,category_dlc,
ch_marksman_h2_m4_3,CHALLENGE_MARKSMAN_M4,CHALLENGE_MARKSMAN_DESC,,1,category_assault3,3,,,,850,250,900,250,950,250,1000,250,1050,250,1100,250,1150,250,1200,250,1250,250,1079,,,,,,,,,,,,,,,,,,category_dlc,
ch_marksman_h2_famas_3,CHALLENGE_MARKSMAN_FAMAS,CHALLENGE_MARKSMAN_DESC,,1,category_assault3,3,,,,850,250,900,250,950,250,1000,250,1050,250,1100,250,1150,250,1200,250,1250,250,1080,,,,,,,,,,,,,,,,,,category_dlc,
ch_marksman_h2_scar_3,CHALLENGE_MARKSMAN_SCAR,CHALLENGE_MARKSMAN_DESC,,1,category_assault3,3,,,,850,250,900,250,950,250,1000,250,1050,250,1100,250,1150,250,1200,250,1250,250,1081,,,,,,,,,,,,,,,,,,category_dlc,
ch_marksman_h2_tavor_3,CHALLENGE_MARKSMAN_TAVOR,CHALLENGE_MARKSMAN_DESC,,1,category_assault3,3,,,,850,250,900,250,950,250,1000,250,1050,250,1100,250,1150,250,1200,250,1250,250,1082,,,,,,,,,,,,,,,,,,category_dlc,
ch_marksman_h2_fal_3,CHALLENGE_MARKSMAN_FAL,CHALLENGE_MARKSMAN_DESC,,1,category_assault3,3,,,,850,250,900,250,950,250,1000,250,1050,250,1100,250,1150,250,1200,250,1250,250,1083,,,,,,,,,,,,,,,,,,category_dlc,
ch_marksman_h2_m16_3,CHALLENGE_MARKSMAN_M16,CHALLENGE_MARKSMAN_DESC,,1,category_assault3,3,,,,850,250,900,250,950,250,1000,250,1050,250,1100,250,1150,250,1200,250,1250,250,1084,,,,,,,,,,,,,,,,,,category_dlc,
ch_marksman_h2_masada_3,CHALLENGE_MARKSMAN_MASADA,CHALLENGE_MARKSMAN_DESC,,1,category_assault3,3,,,,850,250,900,250,950,250,1000,250,1050,250,1100,250,1150,250,1200,250,1250,250,1085,,,,,,,,,,,,,,,,,,category_dlc,
ch_marksman_h2_fn2000_3,CHALLENGE_MARKSMAN_FN2000,CHALLENGE_MARKSMAN_DESC,,1,category_assault3,3,,,,850,250,900,250,950,250,1000,250,1050,250,1100,250,1150,250,1200,250,1250,250,1086,,,,,,,,,,,,,,,,,,category_dlc,
ch_marksman_h2_ak47_3,CHALLENGE_MARKSMAN_AK47,CHALLENGE_MARKSMAN_DESC,,1,category_assault3,3,,,,850,250,900,250,950,250,1000,250,1050,250,1100,250,1150,250,1200,250,1250,250,1087,,,,,,,,,,,,,,,,,,category_dlc,
ch_marksman_h2_mp5k_3,CHALLENGE_MARKSMAN_MP5K,CHALLENGE_MARKSMAN_DESC,,1,category_smg3,3,,,,850,250,900,250,950,250,1000,250,1050,250,1100,250,1150,250,1200,250,1250,250,1088,,,,,,,,,,,,,,,,,,category_dlc,
ch_marksman_h2_ump45_3,CHALLENGE_MARKSMAN_UMP45,CHALLENGE_MARKSMAN_DESC,,1,category_smg3,3,,,,850,250,900,250,950,250,1000,250,1050,250,1100,250,1150,250,1200,250,1250,250,1089,,,,,,,,,,,,,,,,,,category_dlc,
ch_marksman_h2_kriss_3,CHALLENGE_MARKSMAN_KRISS,CHALLENGE_MARKSMAN_DESC,,1,category_smg3,3,,,,850,250,900,250,950,250,1000,250,1050,250,1100,250,1150,250,1200,250,1250,250,1090,,,,,,,,,,,,,,,,,,category_dlc,
ch_marksman_h2_p90_3,CHALLENGE_MARKSMAN_P90,CHALLENGE_MARKSMAN_DESC,,1,category_smg3,3,,,,850,250,900,250,950,250,1000,250,1050,250,1100,250,1150,250,1200,250,1250,250,1091,,,,,,,,,,,,,,,,,,category_dlc,
ch_marksman_h2_uzi_3,CHALLENGE_MARKSMAN_UZI,CHALLENGE_MARKSMAN_DESC,,1,category_smg3,3,,,,850,250,900,250,950,250,1000,250,1050,250,1100,250,1150,250,1200,250,1250,250,1092,,,,,,,,,,,,,,,,,,category_dlc,
ch_marksman_h2_ak74u_3,CHALLENGE_MARKSMAN_AK74U,CHALLENGE_MARKSMAN_DESC,,1,category_smg3,3,,,,850,250,900,250,950,250,1000,250,1050,250,1100,250,1150,250,1200,250,1250,250,1093,,,,,,,,,,,,,,,,,,category_dlc,
ch_marksman_h2_sa80_3,CHALLENGE_MARKSMAN_sa80,CHALLENGE_MARKSMAN_DESC,,1,category_lmg3,3,,,,850,250,900,250,950,250,1000,250,1050,250,1100,250,1150,250,1200,250,1250,250,1094,,,,,,,,,,,,,,,,,,category_dlc,
ch_marksman_h2_rpd_3,CHALLENGE_MARKSMAN_RPD,CHALLENGE_MARKSMAN_DESC,,1,category_lmg3,3,,,,850,250,900,250,950,250,1000,250,1050,250,1100,250,1150,250,1200,250,1250,250,1095,,,,,,,,,,,,,,,,,,category_dlc,
ch_marksman_h2_mg4_3,CHALLENGE_MARKSMAN_MG4,CHALLENGE_MARKSMAN_DESC,,1,category_lmg3,3,,,,850,250,900,250,950,250,1000,250,1050,250,1100,250,1150,250,1200,250,1250,250,1096,,,,,,,,,,,,,,,,,,category_dlc,
ch_marksman_h2_aug_3,CHALLENGE_MARKSMAN_AUG,CHALLENGE_MARKSMAN_DESC,,1,category_lmg3,3,,,,850,250,900,250,950,250,1000,250,1050,250,1100,250,1150,250,1200,250,1250,250,1097,,,,,,,,,,,,,,,,,,category_dlc,
ch_marksman_h2_m240_3,CHALLENGE_MARKSMAN_M240,CHALLENGE_MARKSMAN_DESC,,1,category_lmg3,3,,,,850,250,900,250,950,250,1000,250,1050,250,1100,250,1150,250,1200,250,1250,250,1098,,,,,,,,,,,,,,,,,,category_dlc,
ch_marksman_h2_cheytac_3,CHALLENGE_MARKSMAN_CHEYTAC,CHALLENGE_MARKSMAN_DESC,,1,category_sniper3,3,,,,850,250,900,250,950,250,1000,250,1050,250,1100,250,1150,250,1200,250,1250,250,1099,,,,,,,,,,,,,,,,,,category_dlc,
ch_marksman_h2_barrett_3,CHALLENGE_MARKSMAN_BARRETT,CHALLENGE_MARKSMAN_DESC,,1,category_sniper3,3,,,,850,250,900,250,950,250,1000,250,1050,250,1100,250,1150,250,1200,250,1250,250,1100,,,,,,,,,,,,,,,,,,category_dlc,
ch_marksman_h2_wa2000_3,CHALLENGE_MARKSMAN_WA2000,CHALLENGE_MARKSMAN_DESC,,1,category_sniper3,3,,,,850,250,900,250,950,250,1000,250,1050,250,1100,250,1150,250,1200,250,1250,250,1101,,,,,,,,,,,,,,,,,,category_dlc,
ch_marksman_h2_m21_3,CHALLENGE_MARKSMAN_M21,CHALLENGE_MARKSMAN_DESC,,1,category_sniper3,3,,,,850,250,900,250,950,250,1000,250,1050,250,1100,250,1150,250,1200,250,1250,250,1102,,,,,,,,,,,,,,,,,,category_dlc,
ch_marksman_h2_m40a3_3,CHALLENGE_MARKSMAN_M40A3,CHALLENGE_MARKSMAN_DESC,,1,category_sniper3,3,,,,850,250,900,250,950,250,1000,250,1050,250,1100,250,1150,250,1200,250,1250,250,1103,,,,,,,,,,,,,,,,,,category_dlc,
ch_marksman_h2_pp2000_3,CHALLENGE_MARKSMAN_PP2000,CHALLENGE_MARKSMAN_DESC,,1,category_machine_pistol3,3,,,,300,250,350,250,400,250,450,250,500,250,550,250,600,250,650,250,750,250,1104,,,,,,,,,,,,,,,,,,category_dlc,
ch_marksman_h2_glock_3,CHALLENGE_MARKSMAN_GLOCK,CHALLENGE_MARKSMAN_DESC,,1,category_machine_pistol3,3,,,,300,250,350,250,400,250,450,250,500,250,550,250,600,250,650,250,750,250,1105,,,,,,,,,,,,,,,,,,category_dlc,
ch_marksman_h2_beretta393_3,CHALLENGE_MARKSMAN_BERETTA393,CHALLENGE_MARKSMAN_DESC,,1,category_machine_pistol3,3,,,,300,250,350,250,400,250,450,250,500,250,550,250,600,250,650,250,750,250,1106,,,,,,,,,,,,,,,,,,category_dlc,
ch_marksman_h2_tmp_3,CHALLENGE_MARKSMAN_TMP,CHALLENGE_MARKSMAN_DESC,,1,category_machine_pistol3,3,,,,300,250,350,250,400,250,450,250,500,250,550,250,600,250,650,250,750,250,1107,,,,,,,,,,,,,,,,,,category_dlc,
ch_marksman_h2_spas12_3,CHALLENGE_MARKSMAN_SPAS12,CHALLENGE_MARKSMAN_DESC,,1,category_shotgun3,3,,,,300,250,350,250,400,250,450,250,500,250,550,250,600,250,650,250,700,250,1108,,,,,,,,,,,,,,,,,,category_dlc,
ch_marksman_h2_aa12_3,CHALLENGE_MARKSMAN_AA12,CHALLENGE_MARKSMAN_DESC,,1,category_shotgun3,3,,,,300,250,350,250,400,250,450,250,500,250,550,250,600,250,650,250,700,250,1109,,,,,,,,,,,,,,,,,,category_dlc,
ch_marksman_h2_striker_3,CHALLENGE_MARKSMAN_STRIKER,CHALLENGE_MARKSMAN_DESC,,1,category_shotgun3,3,,,,300,250,350,250,400,250,450,250,500,250,550,250,600,250,650,250,700,250,1110,,,,,,,,,,,,,,,,,,category_dlc,
ch_marksman_h2_ranger_3,CHALLENGE_MARKSMAN_RANGER,CHALLENGE_MARKSMAN_DESC,,1,category_shotgun3,3,,,,300,250,350,250,400,250,450,250,500,250,550,250,600,250,650,250,700,250,1111,,,,,,,,,,,,,,,,,,category_dlc,
ch_marksman_h2_m1014_3,CHALLENGE_MARKSMAN_M1014,CHALLENGE_MARKSMAN_DESC,,1,category_shotgun3,3,,,,300,250,350,250,400,250,450,250,500,250,550,250,600,250,650,250,700,250,1112,,,,,,,,,,,,,,,,,,category_dlc,
ch_marksman_h2_model1887_3,CHALLENGE_MARKSMAN_MODEL1887,CHALLENGE_MARKSMAN_DESC,,1,category_shotgun3,3,,,,300,250,350,250,400,250,450,250,500,250,550,250,600,250,650,250,700,250,1113,,,,,,,,,,,,,,,,,,category_dlc,
ch_marksman_h2_winchester1200_3,CHALLENGE_MARKSMAN_WINCHESTER1200,CHALLENGE_MARKSMAN_DESC,,1,category_shotgun3,3,,,,300,250,350,250,400,250,450,250,500,250,550,250,600,250,650,250,700,250,1114,,,,,,,,,,,,,,,,,,category_dlc,
ch_marksman_h2_usp_3,CHALLENGE_MARKSMAN_USP,CHALLENGE_MARKSMAN_DESC,,1,category_pistol3,3,,,,300,250,350,250,400,250,450,250,500,250,550,250,600,250,650,250,700,250,1115,,,,,,,,,,,,,,,,,,category_dlc,
ch_marksman_h2_coltanaconda_3,CHALLENGE_MARKSMAN_COLTANACONDA,CHALLENGE_MARKSMAN_DESC,,1,category_pistol3,3,,,,300,250,350,250,400,250,450,250,500,250,550,250,600,250,650,250,700,250,1116,,,,,,,,,,,,,,,,,,category_dlc,
ch_marksman_h2_m9_3,CHALLENGE_MARKSMAN_M9,CHALLENGE_MARKSMAN_DESC,,1,category_pistol3,3,,,,300,250,350,250,400,250,450,250,500,250,550,250,600,250,650,250,700,250,1117,,,,,,,,,,,,,,,,,,category_dlc,
ch_marksman_h2_deserteagle_3,CHALLENGE_MARKSMAN_DESERTEAGLE,CHALLENGE_MARKSMAN_DESC,,1,category_pistol3,3,,,,300,250,350,250,400,250,450,250,500,250,550,250,600,250,650,250,700,250,1118,,,,,,,,,,,,,,,,,,category_dlc,
ch_marksman_h2_colt45_3,CHALLENGE_MARKSMAN_COLT45,CHALLENGE_MARKSMAN_DESC,,1,category_pistol3,3,,,,300,250,350,250,400,250,450,250,500,250,550,250,600,250,650,250,700,250,1119,,,,,,,,,,,,,,,,,,category_dlc,
ch_marksman_h2_sickle_3,CHALLENGE_MARKSMAN_SICKLE,CHALLENGE_MARKSMAN_DESC,,1,category_melee2,3,,,,300,250,350,250,400,250,450,250,500,250,550,250,600,250,650,250,700,250,1120,,,,,,,,,,,,,,,,,,category_dlc,
ch_marksman_h2_shovel_3,CHALLENGE_MARKSMAN_SHOVEL,CHALLENGE_MARKSMAN_DESC,,1,category_melee2,3,,,,300,250,350,250,400,250,450,250,500,250,550,250,600,250,650,250,700,250,1121,,,,,,,,,,,,,,,,,,category_dlc,
ch_marksman_h2_karambit_3,CHALLENGE_MARKSMAN_KARAMBIT,CHALLENGE_MARKSMAN_DESC,,1,category_melee2,3,,,,300,250,350,250,400,250,450,250,500,250,550,250,600,250,650,250,700,250,1122,,,,,,,,,,,,,,,,,,category_dlc,
ch_marksman_h2_hatchet_3,CHALLENGE_MARKSMAN_HATCHET,CHALLENGE_MARKSMAN_DESC,,1,category_melee2,3,,,,300,250,350,250,400,250,450,250,500,250,550,250,600,250,650,250,700,250,1123,,,,,,,,,,,,,,,,,,category_dlc,
ch_marksman_h2_icepick_3,CHALLENGE_MARKSMAN_ICEPICK,CHALLENGE_MARKSMAN_DESC,,1,category_melee2,3,,,,300,250,350,250,400,250,450,250,500,250,550,250,600,250,650,250,700,250,1124,,,,,,,,,,,,,,,,,,category_dlc,
ch_marksman_h2_m4_4,CHALLENGE_MARKSMAN_M4,CHALLENGE_MARKSMAN_DESC,,1,category_assault3,3,,,,1300,250,1400,250,1500,250,1750,250,1900,250,2000,250,,,,,,,1125,,,,,,,,,,,,,,,,,,category_dlc,
ch_marksman_h2_famas_4,CHALLENGE_MARKSMAN_FAMAS,CHALLENGE_MARKSMAN_DESC,,1,category_assault3,3,,,,1300,250,1400,250,1500,250,1750,250,1900,250,2000,250,,,,,,,1126,,,,,,,,,,,,,,,,,,category_dlc,
ch_marksman_h2_scar_4,CHALLENGE_MARKSMAN_SCAR,CHALLENGE_MARKSMAN_DESC,,1,category_assault3,3,,,,1300,250,1400,250,1500,250,1750,250,1900,250,2000,250,,,,,,,1127,,,,,,,,,,,,,,,,,,category_dlc,
ch_marksman_h2_tavor_4,CHALLENGE_MARKSMAN_TAVOR,CHALLENGE_MARKSMAN_DESC,,1,category_assault3,3,,,,1300,250,1400,250,1500,250,1750,250,1900,250,2000,250,,,,,,,1128,,,,,,,,,,,,,,,,,,category_dlc,
ch_marksman_h2_fal_4,CHALLENGE_MARKSMAN_FAL,CHALLENGE_MARKSMAN_DESC,,1,category_assault3,3,,,,1300,250,1400,250,1500,250,1750,250,1900,250,2000,250,,,,,,,1129,,,,,,,,,,,,,,,,,,category_dlc,
ch_marksman_h2_m16_4,CHALLENGE_MARKSMAN_M16,CHALLENGE_MARKSMAN_DESC,,1,category_assault3,3,,,,1300,250,1400,250,1500,250,1750,250,1900,250,2000,250,,,,,,,1130,,,,,,,,,,,,,,,,,,category_dlc,
ch_marksman_h2_masada_4,CHALLENGE_MARKSMAN_MASADA,CHALLENGE_MARKSMAN_DESC,,1,category_assault3,3,,,,1300,250,1400,250,1500,250,1750,250,1900,250,2000,250,,,,,,,1131,,,,,,,,,,,,,,,,,,category_dlc,
ch_marksman_h2_fn2000_4,CHALLENGE_MARKSMAN_FN2000,CHALLENGE_MARKSMAN_DESC,,1,category_assault3,3,,,,1300,250,1400,250,1500,250,1750,250,1900,250,2000,250,,,,,,,1132,,,,,,,,,,,,,,,,,,category_dlc,
ch_marksman_h2_ak47_4,CHALLENGE_MARKSMAN_AK47,CHALLENGE_MARKSMAN_DESC,,1,category_assault3,3,,,,1300,250,1400,250,1500,250,1750,250,1900,250,2000,250,,,,,,,1133,,,,,,,,,,,,,,,,,,category_dlc,
ch_marksman_h2_mp5k_4,CHALLENGE_MARKSMAN_MP5K,CHALLENGE_MARKSMAN_DESC,,1,category_smg3,3,,,,1300,250,1400,250,1500,250,1750,250,1900,250,2000,250,,,,,,,1134,,,,,,,,,,,,,,,,,,category_dlc,
ch_marksman_h2_ump45_4,CHALLENGE_MARKSMAN_UMP45,CHALLENGE_MARKSMAN_DESC,,1,category_smg3,3,,,,1300,250,1400,250,1500,250,1750,250,1900,250,2000,250,,,,,,,1135,,,,,,,,,,,,,,,,,,category_dlc,
ch_marksman_h2_kriss_4,CHALLENGE_MARKSMAN_KRISS,CHALLENGE_MARKSMAN_DESC,,1,category_smg3,3,,,,1300,250,1400,250,1500,250,1750,250,1900,250,2000,250,,,,,,,1136,,,,,,,,,,,,,,,,,,category_dlc,
ch_marksman_h2_p90_4,CHALLENGE_MARKSMAN_P90,CHALLENGE_MARKSMAN_DESC,,1,category_smg3,3,,,,1300,250,1400,250,1500,250,1750,250,1900,250,2000,250,,,,,,,1137,,,,,,,,,,,,,,,,,,category_dlc,
ch_marksman_h2_uzi_4,CHALLENGE_MARKSMAN_UZI,CHALLENGE_MARKSMAN_DESC,,1,category_smg3,3,,,,1300,250,1400,250,1500,250,1750,250,1900,250,2000,250,,,,,,,1138,,,,,,,,,,,,,,,,,,category_dlc,
ch_marksman_h2_ak74u_4,CHALLENGE_MARKSMAN_AK74U,CHALLENGE_MARKSMAN_DESC,,1,category_smg3,3,,,,1300,250,1400,250,1500,250,1750,250,1900,250,2000,250,,,,,,,1139,,,,,,,,,,,,,,,,,,category_dlc,
ch_marksman_h2_sa80_4,CHALLENGE_MARKSMAN_sa80,CHALLENGE_MARKSMAN_DESC,,1,category_lmg3,3,,,,1300,250,1400,250,1500,250,1750,250,1900,250,2000,250,,,,,,,1140,,,,,,,,,,,,,,,,,,category_dlc,
ch_marksman_h2_rpd_4,CHALLENGE_MARKSMAN_RPD,CHALLENGE_MARKSMAN_DESC,,1,category_lmg3,3,,,,1300,250,1400,250,1500,250,1750,250,1900,250,2000,250,,,,,,,1141,,,,,,,,,,,,,,,,,,category_dlc,
ch_marksman_h2_mg4_4,CHALLENGE_MARKSMAN_MG4,CHALLENGE_MARKSMAN_DESC,,1,category_lmg3,3,,,,1300,250,1400,250,1500,250,1750,250,1900,250,2000,250,,,,,,,1142,,,,,,,,,,,,,,,,,,category_dlc,
ch_marksman_h2_aug_4,CHALLENGE_MARKSMAN_AUG,CHALLENGE_MARKSMAN_DESC,,1,category_lmg3,3,,,,1300,250,1400,250,1500,250,1750,250,1900,250,2000,250,,,,,,,1143,,,,,,,,,,,,,,,,,,category_dlc,
ch_marksman_h2_m240_4,CHALLENGE_MARKSMAN_M240,CHALLENGE_MARKSMAN_DESC,,1,category_lmg3,3,,,,1300,250,1400,250,1500,250,1750,250,1900,250,2000,250,,,,,,,1144,,,,,,,,,,,,,,,,,,category_dlc,
ch_marksman_h2_cheytac_4,CHALLENGE_MARKSMAN_CHEYTAC,CHALLENGE_MARKSMAN_DESC,,1,category_sniper3,3,,,,1300,250,1400,250,1500,250,1750,250,1900,250,2000,250,,,,,,,1145,,,,,,,,,,,,,,,,,,category_dlc,
ch_marksman_h2_barrett_4,CHALLENGE_MARKSMAN_BARRETT,CHALLENGE_MARKSMAN_DESC,,1,category_sniper3,3,,,,1300,250,1400,250,1500,250,1750,250,1900,250,2000,250,,,,,,,1146,,,,,,,,,,,,,,,,,,category_dlc,
ch_marksman_h2_wa2000_4,CHALLENGE_MARKSMAN_WA2000,CHALLENGE_MARKSMAN_DESC,,1,category_sniper3,3,,,,1300,250,1400,250,1500,250,1750,250,1900,250,2000,250,,,,,,,1147,,,,,,,,,,,,,,,,,,category_dlc,
ch_marksman_h2_m21_4,CHALLENGE_MARKSMAN_M21,CHALLENGE_MARKSMAN_DESC,,1,category_sniper3,3,,,,1300,250,1400,250,1500,250,1750,250,1900,250,2000,250,,,,,,,1148,,,,,,,,,,,,,,,,,,category_dlc,
ch_marksman_h2_m40a3_4,CHALLENGE_MARKSMAN_M40A3,CHALLENGE_MARKSMAN_DESC,,1,category_sniper3,3,,,,1300,250,1400,250,1500,250,1750,250,1900,250,2000,250,,,,,,,1149,,,,,,,,,,,,,,,,,,category_dlc,
ch_marksman_h2_pp2000_4,CHALLENGE_MARKSMAN_PP2000,CHALLENGE_MARKSMAN_DESC,,1,category_machine_pistol3,3,,,,750,250,850,250,950,250,1050,250,1150,250,1250,250,,,,,,,1150,,,,,,,,,,,,,,,,,,category_dlc,
ch_marksman_h2_glock_4,CHALLENGE_MARKSMAN_GLOCK,CHALLENGE_MARKSMAN_DESC,,1,category_machine_pistol3,3,,,,750,250,850,250,950,250,1050,250,1150,250,1250,250,,,,,,,1151,,,,,,,,,,,,,,,,,,category_dlc,
ch_marksman_h2_beretta393_4,CHALLENGE_MARKSMAN_BERETTA393,CHALLENGE_MARKSMAN_DESC,,1,category_machine_pistol3,3,,,,750,250,850,250,950,250,1050,250,1150,250,1250,250,,,,,,,1152,,,,,,,,,,,,,,,,,,category_dlc,
ch_marksman_h2_tmp_4,CHALLENGE_MARKSMAN_TMP,CHALLENGE_MARKSMAN_DESC,,1,category_machine_pistol3,3,,,,750,250,850,250,950,250,1050,250,1150,250,1250,250,,,,,,,1153,,,,,,,,,,,,,,,,,,category_dlc,
ch_marksman_h2_spas12_4,CHALLENGE_MARKSMAN_SPAS12,CHALLENGE_MARKSMAN_DESC,,1,category_shotgun3,3,,,,750,250,850,250,950,250,1050,250,1150,250,1250,250,,,,,,,1154,,,,,,,,,,,,,,,,,,category_dlc,
ch_marksman_h2_aa12_4,CHALLENGE_MARKSMAN_AA12,CHALLENGE_MARKSMAN_DESC,,1,category_shotgun3,3,,,,750,250,850,250,950,250,1050,250,1150,250,1250,250,,,,,,,1155,,,,,,,,,,,,,,,,,,category_dlc,
ch_marksman_h2_striker_4,CHALLENGE_MARKSMAN_STRIKER,CHALLENGE_MARKSMAN_DESC,,1,category_shotgun3,3,,,,750,250,850,250,950,250,1050,250,1150,250,1250,250,,,,,,,1156,,,,,,,,,,,,,,,,,,category_dlc,
ch_marksman_h2_ranger_4,CHALLENGE_MARKSMAN_RANGER,CHALLENGE_MARKSMAN_DESC,,1,category_shotgun3,3,,,,750,250,850,250,950,250,1050,250,1150,250,1250,250,,,,,,,1157,,,,,,,,,,,,,,,,,,category_dlc,
ch_marksman_h2_m1014_4,CHALLENGE_MARKSMAN_M1014,CHALLENGE_MARKSMAN_DESC,,1,category_shotgun3,3,,,,750,250,850,250,950,250,1050,250,1150,250,1250,250,,,,,,,1158,,,,,,,,,,,,,,,,,,category_dlc,
ch_marksman_h2_model1887_4,CHALLENGE_MARKSMAN_MODEL1887,CHALLENGE_MARKSMAN_DESC,,1,category_shotgun3,3,,,,750,250,850,250,950,250,1050,250,1150,250,1250,250,,,,,,,1159,,,,,,,,,,,,,,,,,,category_dlc,
ch_marksman_h2_winchester1200_4,CHALLENGE_MARKSMAN_WINCHESTER1200,CHALLENGE_MARKSMAN_DESC,,1,category_shotgun3,3,,,,750,250,850,250,950,250,1050,250,1150,250,1250,250,,,,,,,1160,,,,,,,,,,,,,,,,,,category_dlc,
ch_marksman_h2_usp_4,CHALLENGE_MARKSMAN_USP,CHALLENGE_MARKSMAN_DESC,,1,category_pistol3,3,,,,750,250,850,250,950,250,1000,250,1050,250,1100,250,,,,,,,1161,,,,,,,,,,,,,,,,,,category_dlc,
ch_marksman_h2_coltanaconda_4,CHALLENGE_MARKSMAN_COLTANACONDA,CHALLENGE_MARKSMAN_DESC,,1,category_pistol3,3,,,,750,250,850,250,950,250,1050,250,1100,250,1150,250,1200,250,1250,250,,,1162,,,,,,,,,,,,,,,,,,category_dlc,
ch_marksman_h2_m9_4,CHALLENGE_MARKSMAN_M9,CHALLENGE_MARKSMAN_DESC,,1,category_pistol3,3,,,,750,250,850,250,950,250,1050,250,1100,250,1150,250,1200,250,1250,250,,,1163,,,,,,,,,,,,,,,,,,category_dlc,
ch_marksman_h2_deserteagle_4,CHALLENGE_MARKSMAN_DESERTEAGLE,CHALLENGE_MARKSMAN_DESC,,1,category_pistol3,3,,,,750,250,850,250,950,250,1050,250,1100,250,1150,250,1200,250,1250,250,,,1164,,,,,,,,,,,,,,,,,,category_dlc,
ch_marksman_h2_colt45_4,CHALLENGE_MARKSMAN_COLT45,CHALLENGE_MARKSMAN_DESC,,1,category_pistol3,3,,,,750,250,850,250,950,250,1050,250,1100,250,1150,250,1200,250,1250,250,,,1165,,,,,,,,,,,,,,,,,,category_dlc,
ch_marksman_h2_sickle_4,CHALLENGE_MARKSMAN_SICKLE,CHALLENGE_MARKSMAN_DESC,,1,category_melee2,3,,,,750,250,850,250,950,250,1000,250,1050,250,1100,250,,,,,,,1166,,,,,,,,,,,,,,,,,,category_dlc,
ch_marksman_h2_shovel_4,CHALLENGE_MARKSMAN_SHOVEL,CHALLENGE_MARKSMAN_DESC,,1,category_melee2,3,,,,750,250,850,250,950,250,1000,250,1050,250,1100,250,,,,,,,1167,,,,,,,,,,,,,,,,,,category_dlc,
ch_marksman_h2_karambit_4,CHALLENGE_MARKSMAN_KARAMBIT,CHALLENGE_MARKSMAN_DESC,,1,category_melee2,3,,,,750,250,850,250,950,250,1000,250,1050,250,1100,250,,,,,,,1168,,,,,,,,,,,,,,,,,,category_dlc,
ch_marksman_h2_hatchet_4,CHALLENGE_MARKSMAN_HATCHET,CHALLENGE_MARKSMAN_DESC,,1,category_melee2,3,,,,750,250,850,250,950,250,1000,250,1050,250,1100,250,,,,,,,1169,,,,,,,,,,,,,,,,,,category_dlc,
ch_marksman_h2_icepick_4,CHALLENGE_MARKSMAN_ICEPICK,CHALLENGE_MARKSMAN_DESC,,1,category_melee2,3,,,,750,250,850,250,950,250,1000,250,1050,250,1100,250,,,,,,,1170,,,,,,,,,,,,,,,,,,category_dlc,
ch_bootcamp_mastery,CHALLENGE_BOOTCAMP_MASTERY,CHALLENGE_MASTERY_DESC,,1,challenge_h1_bootcamp,3,,,,36,10000,,,,,,,,,,,,,,,,,100,,,,,,,,,,,,,,,ch_all_mastery,,,category_career,
ch_uav,CHALLENGE_UAV,CHALLENGE_UAV_DESC,,1,challenge_h1_bootcamp,3,,,,5,250,25,1000,50,2500,,,,,,,,,,,,,101,,,,,,,,,,,,,,,ch_bootcamp_mastery,,,category_career,
ch_airstrike,CHALLENGE_AIRSTRIKE,CHALLENGE_AIRSTRIKE_DESC,,1,challenge_h1_bootcamp,3,,,,5,250,25,1000,50,2500,,,,,,,,,,,,,102,,,,,,,,,,,,,,,ch_bootcamp_mastery,,,category_career,
ch_chopper,CHALLENGE_CHOPPER,CHALLENGE_CHOPPER_DESC,,1,challenge_h1_bootcamp,3,,,,5,250,25,1000,50,2500,,,,,,,,,,,,,103,,,,,,,,,,,,,,,ch_bootcamp_mastery,,,category_career,
ch_cuav_earned,CHALLENGE_CUAV,CHALLENGE_CUAV_DESC,,1,challenge_h1_bootcamp,3,,,,5,250,25,1000,50,2500,,,,,,,,,,,,,298,,,,,,,,,,,,,,,ch_bootcamp_mastery,,,category_career,
ch_carepack_earned,CHALLENGE_CAREPACK,CHALLENGE_CAREPACK_DESC,,1,challenge_h1_bootcamp,3,,,,5,250,25,1000,50,2500,,,,,,,,,,,,,299,,,,,,,,,,,,,,,ch_bootcamp_mastery,,,category_career,
ch_sentry_earned,CHALLENGE_SENTRY,CHALLENGE_SENTRY_DESC,,1,challenge_h1_bootcamp,3,,,,5,250,25,1000,50,2500,,,,,,,,,,,,,300,,,,,,,,,,,,,,,ch_bootcamp_mastery,,,category_career,
ch_predator_earned,CHALLENGE_PREDATOR,CHALLENGE_PREDATOR_DESC,,1,challenge_h1_bootcamp,3,,,,5,250,25,1000,50,2500,,,,,,,,,,,,,301,,,,,,,,,,,,,,,ch_bootcamp_mastery,,,category_career,
ch_harrier_earned,CHALLENGE_HARRIER,CHALLENGE_HARRIER_DESC,,1,challenge_h1_bootcamp,3,,,,5,250,25,1000,50,2500,,,,,,,,,,,,,302,,,,,,,,,,,,,,,ch_bootcamp_mastery,,,category_career,
ch_megadrop_earned,CHALLENGE_MEGADROP,CHALLENGE_MEGADROP_DESC,,1,challenge_h1_bootcamp,3,,,,5,250,25,1000,50,2500,,,,,,,,,,,,,303,,,,,,,,,,,,,,,ch_bootcamp_mastery,,,category_career,
ch_stealthstrike_earned,CHALLENGE_STEALTHSTRIKE,CHALLENGE_STEALTHSTRIKE_DESC,,1,challenge_h1_bootcamp,3,,,,5,250,25,1000,50,2500,,,,,,,,,,,,,304,,,,,,,,,,,,,,,ch_bootcamp_mastery,,,category_career,
ch_pavelow_earned,CHALLENGE_PAVELOW,CHALLENGE_PAVELOW_DESC,,1,challenge_h1_bootcamp,3,,,,5,250,25,1000,50,2500,,,,,,,,,,,,,305,,,,,,,,,,,,,,,ch_bootcamp_mastery,,,category_career,
ch_choppergun_earned,CHALLENGE_CHOPPERGUN,CHALLENGE_CHOPPERGUN_DESC,,1,challenge_h1_bootcamp,3,,,,5,250,25,1000,50,2500,,,,,,,,,,,,,306,,,,,,,,,,,,,,,ch_bootcamp_mastery,,,category_career,
ch_ac130_earned,CHALLENGE_AC130,CHALLENGE_AC130_DESC,,1,challenge_h1_bootcamp,3,,,,5,250,25,1000,50,2500,,,,,,,,,,,,,307,,,,,,,,,,,,,,,ch_bootcamp_mastery,,,category_career,
ch_emp_earned,CHALLENGE_EMP,CHALLENGE_EMP_DESC,,1,challenge_h1_bootcamp,3,,,,1,250,3,1000,5,2500,10,5000,,,,,,,,,,,308,,,,,,,,,,,,,,,ch_bootcamp_mastery,,,category_career,
ch_nuke_earned,CHALLENGE_NUKE,CHALLENGE_NUKE_DESC,,1,challenge_h1_bootcamp,3,,,,1,250,3,1000,5,2500,10,5000,,,,,,,,,,,309,,,,,,,,,,,,,,,ch_bootcamp_mastery,,,category_career,
ch_sentry_kills,CHALLENGE_SENTRY_KILLS,CHALLENGE_SENTRY_KILLS_DESC,,1,challenge_h1_bootcamp,3,,,,5,250,25,1000,50,2500,100,2500,,,,,,,,,,,312,,,,,,,,,,,,,,,ch_bootcamp_mastery,,,category_career,
ch_predator_kills,CHALLENGE_PREDATOR_KILLS,CHALLENGE_PREDATOR_KILLS_DESC,,1,challenge_h1_bootcamp,3,,,,5,250,25,1000,50,2500,100,2500,,,,,,,,,,,313,,,,,,,,,,,,,,,ch_bootcamp_mastery,,,category_career,
ch_harrier_kills,CHALLENGE_HARRIER_KILLS,CHALLENGE_HARRIER_KILLS_DESC,,1,challenge_h1_bootcamp,3,,,,5,250,25,1000,50,2500,100,2500,,,,,,,,,,,314,,,,,,,,,,,,,,,ch_bootcamp_mastery,,,category_career,
ch_stealthstrike_kills,CHALLENGE_STEALTHSTRIKE_KILLS,CHALLENGE_STEALTHSTRIKE_KILLS_DESC,,1,challenge_h1_bootcamp,3,,,,5,250,25,1000,50,2500,100,2500,,,,,,,,,,,316,,,,,,,,,,,,,,,ch_bootcamp_mastery,,,category_career,
ch_pavelow_kills,CHALLENGE_PAVELOW_KILLS,CHALLENGE_PAVELOW_KILLS_DESC,,1,challenge_h1_bootcamp,3,,,,5,250,25,1000,50,2500,100,2500,,,,,,,,,,,317,,,,,,,,,,,,,,,ch_bootcamp_mastery,,,category_career,
ch_choppergun_kills,CHALLENGE_CHOPPERGUN_KILLS,CHALLENGE_CHOPPERGUN_KILLS_DESC,,1,challenge_h1_bootcamp,3,,,,5,250,25,1000,50,2500,100,2500,,,,,,,,,,,318,,,,,,,,,,,,,,,ch_bootcamp_mastery,,,category_career,
ch_ac130_kills,CHALLENGE_AC130_KILLS,CHALLENGE_AC130_KILLS_DESC,,1,challenge_h1_bootcamp,3,,,,5,250,25,1000,50,2500,100,2500,,,,,,,,,,,319,,,,,,,,,,,,,,,ch_bootcamp_mastery,,,category_career,
ch_nuke_kills,CHALLENGE_NUKE_KILLS,CHALLENGE_NUKE_KILLS_DESC,,1,challenge_h1_bootcamp,3,,,,5,250,25,1000,50,2500,100,2500,,,,,,,,,,,321,,,,,,,,,,,,,,,ch_bootcamp_mastery,,,category_career,
ch_flyswatter,CHALLENGE_FLYSWATTER,CHALLENGE_FLYSWATTER_DESC,,1,challenge_h1_bootcamp,3,,,,1,250,10,1000,50,2500,,,,,,,,,,,,,104,,,,,,,,,,,,,,,ch_bootcamp_mastery,,,category_career,
ch_marathon,CHALLENGE_MARATHON,CHALLENGE_MARATHON_DESC,,63360,challenge_h1_bootcamp,3,,,,380160,250,760320,1000,2471040,2500,,,,,,,,,,,,,105,,,,,,,,,,,,,,,ch_bootcamp_mastery,,,category_career,
ch_goodbye,CHALLENGE_GOODBYE,CHALLENGE_GOODBYE_DESC,,1,challenge_h1_bootcamp,3,,,,1,250,5,1000,25,2500,,,,,,,,,,,,,106,,,,,,,,,,,,,,,ch_bootcamp_mastery,,,category_career,
ch_basejump,CHALLENGE_BASEJUMP,CHALLENGE_BASEJUMP_DESC,,1,challenge_h1_bootcamp,3,,,,1,250,10,1000,25,2500,50,5000,,,,,,,,,,,107,,,,,,,,,,,,,,,ch_bootcamp_mastery,,,category_career,
ch_crouchshot,CHALLENGE_CROUCHSHOT,CHALLENGE_CROUCHSHOT_DESC,,1,challenge_h1_bootcamp,3,,,,5,250,15,500,30,750,50,1000,75,1250,,,,,,,,,108,,,,,,,,,,,,,,,ch_bootcamp_mastery,,,category_career,
ch_proneshot,CHALLENGE_PRONESHOT,CHALLENGE_PRONESHOT_DESC,,1,challenge_h1_bootcamp,3,,,,5,250,15,500,30,1000,,,,,,,,,,,,,109,,,,,,,,,,,,,,,ch_bootcamp_mastery,,,category_career,
ch_grenadekill,CHALLENGE_GRENADEKILL,CHALLENGE_GRENADEKILL_DESC,,1,challenge_h1_bootcamp,3,,,,1,250,5,500,10,1000,,,,,,,,,,,,,110,,,,,,,,,,,,,,,ch_bootcamp_mastery,,,category_career,
ch_assists,CHALLENGE_ASSISTS,CHALLENGE_ASSISTS_DESC,,1,challenge_h1_bootcamp,3,,,,5,250,15,500,30,1000,,,,,,,,,,,,,111,,,,,,,,,,,,,,,ch_bootcamp_mastery,,,category_career,
ch_xrayvision,CHALLENGE_XRAYVISION,CHALLENGE_XRAYVISION_DESC,,1,challenge_h1_bootcamp,3,,,,1,250,5,500,15,1000,,,,,,,,,,,,,112,,,,,,,,,,,,,,,ch_bootcamp_mastery,,,category_career,
ch_vandalism,CHALLENGE_VANDALISM,CHALLENGE_VANDALISM_DESC,,1,challenge_h1_bootcamp,3,,,,1,250,5,500,15,1000,,,,,,,,,,,,,113,,,,,,,,,,,,,,,ch_bootcamp_mastery,,,category_career,
ch_exposed,CHALLENGE_EXPOSED,CHALLENGE_EXPOSED_DESC,,1,challenge_h1_bootcamp,3,,,,5,250,10,500,20,1000,,,,,,,,,,,,,114,,,,,,,,,,,,,,,ch_bootcamp_mastery,,,category_career,
ch_backdraft,CHALLENGE_BACKDRAFT,CHALLENGE_BACKDRAFT_DESC,,1,challenge_h1_bootcamp,3,,,,1,250,5,500,15,1000,25,1500,,,,,,,,,,,115,,,,,,,,,,,,,,,ch_bootcamp_mastery,,,category_career,
ch_knifevet,CHALLENGE_KNIFEVET,CHALLENGE_KNIFEVET_DESC,,1,challenge_h1_bootcamp,3,,,,1,250,5,500,15,1000,100,2500,250,2500,,,,,,,,,116,,,,,,,,,,,,,,,ch_bootcamp_mastery,,,category_career,
ch_gamemode_mastery,CHALLENGE_GAMEMODE_MASTERY,CHALLENGE_MASTERY_DESC,,1,challenge_h1_gamemodes,3,,,,28,10000,,,,,,,,,,,,,,,,,184,,,,,,,,,,,,,,,ch_all_mastery,,,category_career,
ch_war_crushing,CHALLENGE_WAR_CRUSHING,CHALLENGE_WAR_CRUSHING_DESC,,1,challenge_h1_gamemodes,3,,,,5,500,10,1000,25,2500,,,,,,,,,,,,,191,,,,,,,,,,,,,,,ch_gamemode_mastery,,,category_career,
ch_collector,CHALLENGE_COLLECTOR,CHALLENGE_COLLECTOR_DESC,,1,challenge_h1_gamemodes,3,,,,25,500,100,1000,250,2500,,,,,,,,,,,,,185,,,,,,,,,,,,,,,ch_gamemode_mastery,,,category_career,
ch_save_yourself,CHALLENGE_SAVE_YOURSELF,CHALLENGE_SAVE_YOURSELF_DESC,,1,challenge_h1_gamemodes,3,,,,5,500,10,1000,25,2500,,,,,,,,,,,,,186,,,,,,,,,,,,,,,ch_gamemode_mastery,,,category_career,
ch_conf_wins,CHALLENGE_CONF_WINS,CHALLENGE_WINS_DESC,,1,challenge_h1_gamemodes,3,,,,5,500,25,2500,100,5000,,,,,,,,,,,,,198,,,,,,,,,,,,,,,ch_gamemode_mastery,,,category_career,
ch_denial,CHALLENGE_DENIAL,CHALLENGE_DENIAL_DESC,,1,challenge_h1_gamemodes,3,,,,10,500,25,2500,100,5000,,,,,,,,,,,,,200,,,,,,,,,,,,,,,ch_gamemode_mastery,,,category_career,
ch_victor_dm,CHALLENGE_VICTOR_DM,CHALLENGE_VICTOR_DM_DESC,,1,challenge_h1_gamemodes,3,,,,1,250,5,500,10,1000,,,,,,,,,,,,,118,,,,,,,,,,,,,,,ch_gamemode_mastery,,,category_career,
ch_teamplayer,CHALLENGE_TEAMPLAYER,CHALLENGE_TEAMPLAYER_DESC,,1,challenge_h1_gamemodes,3,,,,5,250,15,500,30,1000,,,,,,,,,,,,,119,,,,,,,,,,,,,,,ch_gamemode_mastery,,,category_career,
ch_victor_sd,CHALLENGE_VICTOR_SD,CHALLENGE_WINS_DESC,,1,challenge_h1_gamemodes,3,,,,5,250,15,500,30,1000,,,,,,,,,,,,,120,,,,,,,,,,,,,,,ch_gamemode_mastery,,,category_career,
ch_mvp_tdm,CHALLENGE_MVP_TDM,CHALLENGE_MVP_TDM_DESC,,1,challenge_h1_gamemodes,3,,,,1,250,25,1000,100,2500,,,,,,,,,,,,,121,,,,,,,,,,,,,,,ch_gamemode_mastery,,,category_career,
ch_dom_alphalock,CHALLENGE_DOM_ALPHALOCK,CHALLENGE_DOM_ALPHALOCK_DESC,,1,challenge_h1_gamemodes,3,,,,1,500,2,1000,5,2500,,,,,,,,,,,,,193,,,,,,,,,,,,,,,ch_gamemode_mastery,,,category_career,
ch_dom_bravolock,CHALLENGE_DOM_BRAVOLOCK,CHALLENGE_DOM_BRAVOLOCK_DESC,,1,challenge_h1_gamemodes,3,,,,1,500,2,1000,5,2500,,,,,,,,,,,,,194,,,,,,,,,,,,,,,ch_gamemode_mastery,,,category_career,
ch_dom_charlielock,CHALLENGE_DOM_CHARLIELOCK,CHALLENGE_DOM_CHARLIELOCK_DESC,,1,challenge_h1_gamemodes,3,,,,1,500,2,1000,5,2500,,,,,,,,,,,,,195,,,,,,,,,,,,,,,ch_gamemode_mastery,,,category_career,
ch_dom_aggression,CHALLENGE_DOM_AGGRESSION,CHALLENGE_DOM_AGGRESSION_DESC,,1,challenge_h1_gamemodes,3,,,,10,500,25,1000,100,2500,,,,,,,,,,,,,188,,,,,,,,,,,,,,,ch_gamemode_mastery,,,category_career,
ch_dom_wins,CHALLENGE_DOM_WINS,CHALLENGE_WINS_DESC,,1,challenge_h1_gamemodes,3,,,,5,500,25,2500,100,5000,,,,,,,,,,,,,197,,,,,,,,,,,,,,,ch_gamemode_mastery,,,category_career,
ch_teamplayer_hc,CHALLENGE_TEAMPLAYER_HC,CHALLENGE_TEAMPLAYER_HC_DESC,,1,challenge_h1_gamemodes,3,,,,1,250,5,500,15,1000,,,,,,,,,,,,,122,,,,,,,,,,,,,,,ch_gamemode_mastery,,,category_career,
ch_victor_sab,CHALLENGE_VICTOR_SAB,CHALLENGE_WINS_DESC,,1,challenge_h1_gamemodes,3,,,,5,250,20,500,50,1000,,,,,,,,,,,,,123,,,,,,,,,,,,,,,ch_gamemode_mastery,,,category_career,
ch_mvp_thc,CHALLENGE_MVP_THC,CHALLENGE_MVP_THC_DESC,,1,challenge_h1_gamemodes,3,,,,1,250,5,500,10,1000,,,,,,,,,,,,,124,,,,,,,,,,,,,,,ch_gamemode_mastery,,,category_career,
ch_bombdown,CHALLENGE_BOMBDOWN,CHALLENGE_BOMBDOWN_DESC,,1,challenge_h1_gamemodes,3,,,,1,250,25,1000,100,2500,,,,,,,,,,,,,125,,,,,,,,,,,,,,,ch_gamemode_mastery,,,category_career,
ch_bombdefender,CHALLENGE_BOMBDEFENDER,CHALLENGE_BOMBDEFENDER_DESC,,1,challenge_h1_gamemodes,3,,,,1,250,10,1000,25,2500,,,,,,,,,,,,,126,,,,,,,,,,,,,,,ch_gamemode_mastery,,,category_career,
ch_bombplanter,CHALLENGE_BOMBPLANTER,CHALLENGE_BOMBPLANTER_DESC,,1,challenge_h1_gamemodes,3,,,,1,250,10,1000,25,2500,,,,,,,,,,,,,127,,,,,,,,,,,,,,,ch_gamemode_mastery,,,category_career,
ch_hero,CHALLENGE_HERO,CHALLENGE_HERO_DESC,,1,challenge_h1_gamemodes,3,,,,1,250,10,1000,25,2500,,,,,,,,,,,,,128,,,,,,,,,,,,,,,ch_gamemode_mastery,,,category_career,
ch_lastmanstanding,CHALLENGE_LASTMANSTANDING,CHALLENGE_LASTMANSTANDING_DESC,,1,challenge_h1_gamemodes,3,,,,1,250,10,1000,50,2500,,,,,,,,,,,,,129,,,,,,,,,,,,,,,ch_gamemode_mastery,,,category_career,
ch_sd_destroyer,CHALLENGE_SD_DESTROYER,CHALLENGE_SD_DESTROYER_DESC,,1,challenge_h1_gamemodes,3,,,,5,500,10,1000,25,2500,,,,,,,,,,,,,187,,,,,,,,,,,,,,,ch_gamemode_mastery,,,category_career,
ch_dm_crushing,CHALLENGE_DM_CRUSHING,CHALLENGE_DM_CRUSHING_DESC,,1,challenge_h1_gamemodes,3,,,,1,500,5,1000,10,2500,,,,,,,,,,,,,192,,,,,,,,,,,,,,,ch_gamemode_mastery,,,category_career,
ch_dm_wins,CHALLENGE_DM_WINS,CHALLENGE_WINS_DESC,,1,challenge_h1_gamemodes,3,,,,5,500,10,2500,25,5000,,,,,,,,,,,,,196,,,,,,,,,,,,,,,ch_gamemode_mastery,,,category_career,
ch_koth_wins,CHALLENGE_KOTH_WINS,CHALLENGE_WINS_DESC,,1,challenge_h1_gamemodes,3,,,,5,500,25,2500,100,5000,,,,,,,,,,,,,199,,,,,,,,,,,,,,,ch_gamemode_mastery,,,category_career,
ch_hq_aggression,CHALLENGE_HQ_AGGRESSION,CHALLENGE_HQ_AGGRESSION_DESC,,1,challenge_h1_gamemodes,3,,,,5,500,10,1000,50,2500,,,,,,,,,,,,,189,,,,,,,,,,,,,,,ch_gamemode_mastery,,,category_career,
ch_hq_destroyer,CHALLENGE_HQ_DESTROYER,CHALLENGE_HQ_DESTROYER_DESC,,1,challenge_h1_gamemodes,3,,,,5,500,10,1000,50,2500,,,,,,,,,,,,,190,,,,,,,,,,,,,,,ch_gamemode_mastery,,,category_career,
ch_killer_mastery,CHALLENGE_KILLER_MASTERY,CHALLENGE_MASTERY_DESC,,1,challenge_h1_killer,3,,,,16,10000,,,,,,,,,,,,,,,,,130,,,,,,,,,,,,,,,ch_all_mastery,,,category_career,
ch_claymoreshot,CHALLENGE_CLAYMORESHOT,CHALLENGE_CLAYMORESHOT_DESC,,1,challenge_h1_killer,3,,,,1,250,5,1000,20,2500,,,,,,,,,,,,,131,,,,,,,,,,,,,,,ch_killer_mastery,,,category_career,
ch_expert_assault,CHALLENGE_EXPERT_ASSAULT,CHALLENGE_EXPERT_ASSAULT_DESC,,1,challenge_h1_killer,3,,,,5,250,25,500,50,1000,,,,,,,,,,,,,132,,,,,,,,,,,,,,,ch_killer_mastery,,,category_career,
ch_expert_smg,CHALLENGE_EXPERT_SMG,CHALLENGE_EXPERT_SMG_DESC,,1,challenge_h1_killer,3,,,,5,250,25,500,50,1000,,,,,,,,,,,,,133,,,,,,,,,,,,,,,ch_killer_mastery,,,category_career,
ch_expert_lmg,CHALLENGE_EXPERT_LMG,CHALLENGE_EXPERT_LMG_DESC,,1,challenge_h1_killer,3,,,,5,250,25,500,50,1000,,,,,,,,,,,,,134,,,,,,,,,,,,,,,ch_killer_mastery,,,category_career,
ch_laststandvet,CHALLENGE_LASTSTANDVET,CHALLENGE_LASTSTANDVET_DESC,,1,challenge_h1_killer,3,,,,1,250,5,500,15,1000,25,1000,50,2500,,,,,,,,,135,,,,,,,,,,,,,,,ch_killer_mastery,,,category_career,
ch_masterchef,CHALLENGE_MASTERCHEF,CHALLENGE_MASTERCHEF_DESC,,1,challenge_h1_killer,3,,,,5,250,10,500,20,1000,,,,,,,,,,,,,136,,,,,,,,,,,,,,,ch_killer_mastery,,,category_career,
ch_airstrikevet,CHALLENGE_AIRSTRIKEVET,CHALLENGE_AIRSTRIKEVET_DESC,,1,challenge_h1_killer,3,,,,5,250,15,500,30,1000,50,1000,100,2500,,,,,,,,,137,,,,,,,,,,,,,,,ch_killer_mastery,,,category_career,
ch_choppervet,CHALLENGE_CHOPPERVET,CHALLENGE_CHOPPERVET_DESC,,1,challenge_h1_killer,3,,,,5,250,15,500,30,1000,50,1000,100,2500,,,,,,,,,138,,,,,,,,,,,,,,,ch_killer_mastery,,,category_career,
ch_concussionvet,CHALLENGE_CONCUSSIONVET,CHALLENGE_CONCUSSIONVET_DESC,,1,challenge_h1_killer,3,,,,5,250,10,500,25,1000,50,1000,100,2500,,,,,,,,,139,,,,,,,,,,,,,,,ch_killer_mastery,,,category_career,
ch_multirpg,CHALLENGE_MULTIRPG,CHALLENGE_MULTIRPG_DESC,,1,challenge_h1_killer,3,,,,1,250,10,1000,25,2500,,,,,,,,,,,,,140,,,,,,,,,,,,,,,ch_killer_mastery,,,category_career,
ch_martyrdomvet,CHALLENGE_MARTYRDOMVET,CHALLENGE_MARTYRDOMVET_DESC,,1,challenge_h1_killer,3,,,,1,250,5,500,15,1000,,,,,,,,,,,,,141,,,,,,,,,,,,,,,ch_killer_mastery,,,category_career,
ch_multiclaymore,CHALLENGE_MULTICLAYMORE,CHALLENGE_MULTICLAYMORE_DESC,,1,challenge_h1_killer,3,,,,1,250,5,1000,10,2500,,,,,,,,,,,,,142,,,,,,,,,,,,,,,ch_killer_mastery,,,category_career,
ch_stealth,CHALLENGE_STEALTH,CHALLENGE_STEALTH_DESC,,1,challenge_h1_killer,3,,,,10,250,25,500,50,1000,100,1000,250,2500,,,,,,,,,143,,,,,,,,,,,,,,,ch_killer_mastery,,,category_career,
ch_invisible,CHALLENGE_INVISIBLE,CHALLENGE_INVISIBLE_DESC,,1,challenge_h1_killer,3,,,,5,250,25,500,50,1000,,,,,,,,,,,,,144,,,,,,,,,,,,,,,ch_killer_mastery,,,category_career,
ch_counterclaymore,CHALLENGE_COUNTERCLAYMORE,CHALLENGE_COUNTERCLAYMORE_DESC,,1,challenge_h1_killer,3,,,,1,250,5,500,10,1000,,,,,,,,,,,,,145,,,,,,,,,,,,,,,ch_killer_mastery,,,category_career,
ch_counterc4,CHALLENGE_COUNTERC4,CHALLENGE_COUNTERC4_DESC,,1,challenge_h1_killer,3,,,,1,250,5,500,10,1000,,,,,,,,,,,,,146,,,,,,,,,,,,,,,ch_killer_mastery,,,category_career,
ch_humiliation_mastery,CHALLENGE_HUMILIATION_MASTERY,CHALLENGE_MASTERY_DESC,,1,challenge_h1_humiliation,3,,,,20,10000,,,,,,,,,,,,,,,,,147,,,,,,,,,,,,,,,ch_all_mastery,,,category_career,
ch_airborne,CHALLENGE_AIRBORNE,CHALLENGE_AIRBORNE_DESC,,1,challenge_h1_humiliation,3,,,,1,250,5,1000,10,2500,,,,,,,,,,,,,148,,,,,,,,,,,,,,,ch_humiliation_mastery,,,category_career,
ch_multifrag,CHALLENGE_MULTIFRAG,CHALLENGE_MULTIFRAG_DESC,,1,challenge_h1_humiliation,3,,,,1,250,10,1000,50,2500,,,,,,,,,,,,,149,,,,,,,,,,,,,,,ch_humiliation_mastery,,,category_career,
ch_carpetbomb,CHALLENGE_CARPETBOMB,CHALLENGE_CARPETBOMB_DESC,,1,challenge_h1_humiliation,3,,,,1,250,10,1000,25,2500,,,,,,,,,,,,,150,,,,,,,,,,,,,,,ch_humiliation_mastery,,,category_career,
ch_mgmaster,CHALLENGE_MGMASTER,CHALLENGE_MGMASTER_DESC,,1,challenge_h1_humiliation,3,,,,1,250,5,1000,10,2500,,,,,,,,,,,,,151,,,,,,,,,,,,,,,ch_humiliation_mastery,,,category_career,
ch_slasher,CHALLENGE_SLASHER,CHALLENGE_SLASHER_DESC,,1,challenge_h1_humiliation,3,,,,1,250,5,1000,10,2500,,,,,,,,,,,,,152,,,,,,,,,,,,,,,ch_humiliation_mastery,,,category_career,
ch_multic4,CHALLENGE_MULTIC4,CHALLENGE_MULTIC4_DESC,,1,challenge_h1_humiliation,3,,,,1,250,10,1000,25,2500,,,,,,,,,,,,,153,,,,,,,,,,,,,,,ch_humiliation_mastery,,,category_career,
ch_hotpotato,CHALLENGE_HOTPOTATO,CHALLENGE_HOTPOTATO_DESC,,1,challenge_h1_humiliation,3,,,,1,250,5,500,15,1000,,,,,,,,,,,,,154,,,,,,,,,,,,,,,ch_humiliation_mastery,,,category_career,
ch_carbomb,CHALLENGE_CARBOMB,CHALLENGE_CARBOMB_DESC,,1,challenge_h1_humiliation,3,,,,1,250,10,1000,25,2500,,,,,,,,,,,,,155,,,,,,,,,,,,,,,ch_humiliation_mastery,,,category_career,
ch_backstabber,CHALLENGE_BACKSTABBER,CHALLENGE_BACKSTABBER_DESC,,1,challenge_h1_humiliation,3,,,,1,250,10,1000,50,2500,,,,,,,,,,,,,156,,,,,,,,,,,,,,,ch_humiliation_mastery,,,category_career,
ch_slowbutsure,CHALLENGE_SLOWBUTSURE,CHALLENGE_SLOWBUTSURE_DESC,,1,challenge_h1_humiliation,3,,,,1,250,10,500,25,1000,,,,,,,,,,,,,157,,,,,,,,,,,,,,,ch_humiliation_mastery,,,category_career,
ch_flashbangvet,CHALLENGE_FLASHBANGVET,CHALLENGE_FLASHBANGVET_DESC,,1,challenge_h1_humiliation,3,,,,5,250,10,500,25,1000,50,1000,100,2500,,,,,,,,,158,,,,,,,,,,,,,,,ch_humiliation_mastery,,,category_career,
ch_miserylovescompany,CHALLENGE_MISERYLOVESCOMPANY,CHALLENGE_MISERYLOVESCOMPANY_DESC,,1,challenge_h1_humiliation,3,,,,1,250,2,500,3,1000,,,,,,,,,,,,,159,,,,,,,,,,,,,,,ch_humiliation_mastery,,,category_career,
ch_ouch,CHALLENGE_OUCH,CHALLENGE_OUCH_DESC,,1,challenge_h1_humiliation,3,,,,1,250,5,500,15,1000,,,,,,,,,,,,,160,,,,,,,,,,,,,,,ch_humiliation_mastery,,,category_career,
ch_rival,CHALLENGE_RIVAL,CHALLENGE_RIVAL_DESC,,1,challenge_h1_humiliation,3,,,,1,250,5,1000,10,2500,,,,,,,,,,,,,161,,,,,,,,,,,,,,,ch_humiliation_mastery,,,category_career,
ch_cruelty,CHALLENGE_CRUELTY,CHALLENGE_CRUELTY_DESC,,1,challenge_h1_humiliation,3,,,,1,250,5,1000,10,2500,,,,,,,,,,,,,162,,,,,,,,,,,,,,,ch_humiliation_mastery,,,category_career,
ch_thinkfast,CHALLENGE_THINKFAST,CHALLENGE_THINKFAST_DESC,,1,challenge_h1_humiliation,3,,,,1,250,5,1000,10,2500,,,,,,,,,,,,,163,,,,,,,,,,,,,,,ch_humiliation_mastery,,,category_career,
ch_thinkfastconcussion,CHALLENGE_THINKFASTCONCUSSION,CHALLENGE_THINKFASTCONCUSSION_DESC,,1,challenge_h1_humiliation,3,,,,1,250,5,1000,10,2500,,,,,,,,,,,,,164,,,,,,,,,,,,,,,ch_humiliation_mastery,,,category_career,
ch_thinkfastflash,CHALLENGE_THINKFASTFLASH,CHALLENGE_THINKFASTFLASH_DESC,,1,challenge_h1_humiliation,3,,,,1,250,5,1000,10,2500,,,,,,,,,,,,,165,,,,,,,,,,,,,,,ch_humiliation_mastery,,,category_career,
ch_returntosender,CHALLENGE_RETURNTOSENDER,CHALLENGE_RETURNTOSENDER_DESC,,1,challenge_h1_humiliation,3,,,,1,250,2,1000,3,2500,,,,,,,,,,,,,166,,,,,,,,,,,,,,,ch_humiliation_mastery,,,category_career,
ch_blindfire,CHALLENGE_BLINDFIRE,CHALLENGE_BLINDFIRE_DESC,,1,challenge_h1_humiliation,3,,,,1,250,5,1000,10,2500,,,,,,,,,,,,,167,,,,,,,,,,,,,,,ch_humiliation_mastery,,,category_career,
ch_perk_mastery,CHALLENGE_PERK_MASTERY,CHALLENGE_MASTERY_DESC,,1,challenge_h1_perks,3,,,,10,10000,,,,,,,,,,,,,,,,,168,,,,,,,,,,,,,,,ch_all_mastery,,,category_career,
ch_stoppingpower,CHALLENGE_STOPPINGPOWER,CHALLENGE_STOPPINGPOWER_DESC,,1,challenge_h1_perks,3,,,,50,500,100,1000,250,1250,,,,,,,,,,,,,169,,,,,,,,,,,,,,,ch_perk_mastery,,,category_career,
ch_sleightofhand,CHALLENGE_SLEIGHTOFHAND,CHALLENGE_SLEIGHTOFHAND_DESC,,1,challenge_h1_perks,3,,,,10,500,25,2500,50,5000,,,,,,,,,,,,,171,,,,,,,,,,,,,,,ch_perk_mastery,,,category_career,
ch_uavjammer,CHALLENGE_UAVJAMMER,CHALLENGE_UAVJAMMER_DESC,,1,challenge_h1_perks,3,,,,25,500,50,1000,100,2000,,,,,,,,,,,,,174,,,,,,,,,,,,,,,ch_perk_mastery,,,category_career,
ch_sonicboom,CHALLENGE_SONICBOOM,CHALLENGE_SONICBOOM_DESC,,1,challenge_h1_perks,3,,,,10,500,50,1000,100,2000,,,,,,,,,,,,,175,,,,,,,,,,,,,,,ch_perk_mastery,,,category_career,
ch_extremeconditioning,CHALLENGE_EXTREMECONDITIONING,CHALLENGE_EXTREMECONDITIONING_DESC,,1,challenge_h1_perks,3,,,,10,1000,25,2500,50,5000,,,,,,,,,,,,,176,,,,,,,,,,,,,,,ch_perk_mastery,,,category_career,
ch_steadyaim,CHALLENGE_STEADYAIM,CHALLENGE_STEADYAIM_DESC,,1,challenge_h1_perks,3,,,,25,500,50,1000,250,2500,,,,,,,,,,,,,177,,,,,,,,,,,,,,,ch_perk_mastery,,,category_career,
ch_laststand,CHALLENGE_LASTSTAND,CHALLENGE_LASTSTAND_DESC,,1,challenge_h1_perks,3,,,,1,500,25,2500,50,5000,,,,,,,,,,,,,178,,,,,,,,,,,,,,,ch_perk_mastery,,,category_career,
ch_martyrdom,CHALLENGE_MARTYRDOM,CHALLENGE_MARTYRDOM_DESC,,1,challenge_h1_perks,3,,,,1,500,3,2500,5,5000,,,,,,,,,,,,,179,,,,,,,,,,,,,,,ch_perk_mastery,,,category_career,
ch_ironlungs,CHALLENGE_IRONLUNGS,CHALLENGE_IRONLUNGS_DESC,,1,challenge_h1_perks,3,,,,25,500,100,2500,250,5000,,,,,,,,,,,,,181,,,,,,,,,,,,,,,ch_perk_mastery,,,category_career,
ch_deadsilence,CHALLENGE_DEADSILENCE,CHALLENGE_DEADSILENCE_DESC,,1,challenge_h1_perks,3,,,,25,500,100,2500,250,5000,,,,,,,,,,,,,182,,,,,,,,,,,,,,,ch_perk_mastery,,,category_career,
ch_valor_mastery,CHALLENGE_VALOR_MASTERY,CHALLENGE_MASTERY_DESC,,1,challenge_h1_valor,3,,,,33,10000,,,,,,,,,,,,,,,,,201,,,,,,,,,,,,,,,ch_all_mastery,,,category_career,
ch_thebrink,CHALLENGE_THEBRINK,CHALLENGE_THEBRINK_DESC,,1,challenge_h1_valor,3,,,,1,250,10,1000,25,2500,,,,,,,,,,,,,202,,,,,,,,,,,,,,,ch_valor_mastery,,,category_career,
ch_collateraldamage,CHALLENGE_COLLATERALDAMAGE,CHALLENGE_COLLATERALDAMAGE_DESC,,1,challenge_h1_valor,3,,,,1,250,5,1000,10,2500,25,5000,,,,,,,,,,,203,,,,,,,,,,,,,,,ch_valor_mastery,,,category_career,
ch_theedge,CHALLENGE_THEEDGE,CHALLENGE_THEEDGE_DESC,,1,challenge_h1_valor,3,,,,1,250,5,1000,10,2500,,,,,,,,,,,,,204,,,,,,,,,,,,,,,ch_valor_mastery,,,category_career,
ch_flawless,CHALLENGE_FLAWLESS,CHALLENGE_FLAWLESS_DESC,,1,challenge_h1_valor,3,,,,1,250,5,1000,10,2500,,,,,,,,,,,,,205,,,,,,,,,,,,,,,ch_valor_mastery,,,category_career,
ch_tangodown,CHALLENGE_TANGODOWN,CHALLENGE_TANGODOWN_DESC,,1,challenge_h1_valor,3,,,,1,250,25,1000,100,2500,,,,,,,,,,,,,206,,,,,,,,,,,,,,,ch_valor_mastery,,,category_career,
ch_hardlanding,CHALLENGE_HARDLANDING,CHALLENGE_HARDLANDING_DESC,,1,challenge_h1_valor,3,,,,1,250,10,1000,25,2500,,,,,,,,,,,,,207,,,,,,,,,,,,,,,ch_valor_mastery,,,category_career,
ch_extremecruelty,CHALLENGE_EXTREMECRUELTY,CHALLENGE_EXTREMECRUELTY_DESC,,1,challenge_h1_valor,3,,,,1,250,10,1000,50,2500,,,,,,,,,,,,,208,,,,,,,,,,,,,,,ch_valor_mastery,,,category_career,
ch_fastswap,CHALLENGE_FASTSWAP,CHALLENGE_FASTSWAP_DESC,,1,challenge_h1_valor,3,,,,1,250,25,1000,50,2500,,,,,,,,,,,,,209,,,,,,,,,,,,,,,ch_valor_mastery,,,category_career,
ch_starplayer,CHALLENGE_STARPLAYER,CHALLENGE_STARPLAYER_DESC,,1,challenge_h1_valor,3,,,,1,250,5,1000,15,2500,,,,,,,,,,,,,210,,,,,,,,,,,,,,,ch_valor_mastery,,,category_career,
ch_howthe,CHALLENGE_HOWTHE,CHALLENGE_HOWTHE_DESC,,1,challenge_h1_valor,3,,,,1,250,3,1000,5,2500,,,,,,,,,,,,,211,,,,,,,,,,,,,,,ch_valor_mastery,,,category_career,
ch_dominos,CHALLENGE_DOMINOS,CHALLENGE_DOMINOS_DESC,,1,challenge_h1_valor,3,,,,1,250,3,1000,5,2500,,,,,,,,,,,,,212,,,,,,,,,,,,,,,ch_valor_mastery,,,category_career,
ch_nosecrets,CHALLENGE_NOSECRETS,CHALLENGE_NOSECRETS_DESC,,1,challenge_h1_valor,3,,,,1,250,10,1000,25,2500,,,,,,,,,,,,,213,,,,,,,,,,,,,,,ch_valor_mastery,,,category_career,
ch_afterburner,CHALLENGE_AFTERBURNER,CHALLENGE_AFTERBURNER_DESC,,1,challenge_h1_valor,3,,,,1,250,10,1000,25,2500,,,,,,,,,,,,,214,,,,,,,,,,,,,,,ch_valor_mastery,,,category_career,
ch_airsuperiority,CHALLENGE_AIRSUPERIORITY,CHALLENGE_AIRSUPERIORITY_DESC,,1,challenge_h1_valor,3,,,,1,250,10,1000,25,2500,,,,,,,,,,,,,215,,,,,,,,,,,,,,,ch_valor_mastery,,,category_career,
ch_countermvp,CHALLENGE_COUNTERMVP,CHALLENGE_COUNTERMVP_DESC,,1,challenge_h1_valor,3,,,,1,250,10,1000,25,2500,,,,,,,,,,,,,216,,,,,,,,,,,,,,,ch_valor_mastery,,,category_career,
ch_invincible,CHALLENGE_INVINCIBLE,CHALLENGE_INVINCIBLE_DESC,,1,challenge_h1_valor,3,,,,1,250,3,1000,5,2500,,,,,,,,,,,,,217,,,,,,,,,,,,,,,ch_valor_mastery,,,category_career,
ch_survivalist,CHALLENGE_SURVIVALIST,CHALLENGE_SURVIVALIST_DESC,,1,challenge_h1_valor,3,,,,1,250,10,1000,25,2500,,,,,,,,,,,,,218,,,,,,,,,,,,,,,ch_valor_mastery,,,category_career,
ch_avenger,CHALLENGE_AVENGER,CHALLENGE_AVENGER_DESC,,1,challenge_h1_valor,3,,,,10,250,25,1000,100,2500,,,,,,,,,,,,,219,,,,,,,,,,,,,,,ch_valor_mastery,,,category_career,
ch_afterlife,CHALLENGE_AFTERLIFE,CHALLENGE_AFTERLIFE_DESC,,1,challenge_h1_valor,3,,,,10,250,25,1000,100,2500,,,,,,,,,,,,,220,,,,,,,,,,,,,,,ch_valor_mastery,,,category_career,
ch_backstab,CHALLENGE_BACKSTAB,CHALLENGE_BACKSTAB_DESC,,1,challenge_h1_valor,3,,,,10,250,25,1000,100,2500,,,,,,,,,,,,,221,,,,,,,,,,,,,,,ch_valor_mastery,,,category_career,
ch_revenge,CHALLENGE_REVENGE,CHALLENGE_REVENGE_DESC,,1,challenge_h1_valor,3,,,,10,250,25,1000,100,2500,,,,,,,,,,,,,222,,,,,,,,,,,,,,,ch_valor_mastery,,,category_career,
ch_killer_double,CHALLENGE_KILLER_DOUBLE,CHALLENGE_KILLER_DOUBLE_DESC,,1,challenge_h1_valor,3,,,,5,250,50,1000,100,2500,,,,,,,,,,,,,223,,,,,,,,,,,,,,,ch_valor_mastery,,,category_career,
ch_killer_triple,CHALLENGE_KILLER_TRIPLE,CHALLENGE_KILLER_TRIPLE_DESC,,1,challenge_h1_valor,3,,,,5,250,10,1000,25,2500,,,,,,,,,,,,,224,,,,,,,,,,,,,,,ch_valor_mastery,,,category_career,
ch_killer_quadra,CHALLENGE_KILLER_QUADRA,CHALLENGE_KILLER_QUADRA_DESC,,1,challenge_h1_valor,3,,,,1,250,5,1000,10,2500,,,,,,,,,,,,,225,,,,,,,,,,,,,,,ch_valor_mastery,,,category_career,
ch_killer_penta,CHALLENGE_KILLER_PENTA,CHALLENGE_KILLER_PENTA_DESC,,1,challenge_h1_valor,3,,,,1,250,3,1000,5,2500,,,,,,,,,,,,,226,,,,,,,,,,,,,,,ch_valor_mastery,,,category_career,
ch_killer_hexa,CHALLENGE_KILLER_HEXA,CHALLENGE_KILLER_HEXA_DESC,,1,challenge_h1_valor,3,,,,1,250,2,1000,3,2500,,,,,,,,,,,,,227,,,,,,,,,,,,,,,ch_valor_mastery,,,category_career,
ch_killer_bloodthirsty,CHALLENGE_KILLER_BLOODTHIRSTY,CHALLENGE_KILLER_BLOODTHIRSTY_DESC,,1,challenge_h1_valor,3,,,,10,250,25,1000,100,2500,,,,,,,,,,,,,228,,,,,,,,,,,,,,,ch_valor_mastery,,,category_career,
ch_killer_merciless,CHALLENGE_KILLER_MERCILESS,CHALLENGE_KILLER_MERCILESS_DESC,,1,challenge_h1_valor,3,,,,10,250,25,1000,50,2500,,,,,,,,,,,,,229,,,,,,,,,,,,,,,ch_valor_mastery,,,category_career,
ch_killer_ruthless,CHALLENGE_KILLER_RUTHLESS,CHALLENGE_KILLER_RUTHLESS_DESC,,1,challenge_h1_valor,3,,,,1,250,10,1000,15,2500,,,,,,,,,,,,,230,,,,,,,,,,,,,,,ch_valor_mastery,,,category_career,
ch_killer_relentless,CHALLENGE_KILLER_RELENTLESS,CHALLENGE_KILLER_RELENTLESS_DESC,,1,challenge_h1_valor,3,,,,1,250,5,1000,10,2500,,,,,,,,,,,,,231,,,,,,,,,,,,,,,ch_valor_mastery,,,category_career,
ch_killer_brutal,CHALLENGE_KILLER_BRUTAL,CHALLENGE_KILLER_BRUTAL_DESC,,1,challenge_h1_valor,3,,,,1,250,3,1000,5,2500,,,,,,,,,,,,,232,,,,,,,,,,,,,,,ch_valor_mastery,,,category_career,
ch_killer_vicious,CHALLENGE_KILLER_VICIOUS,CHALLENGE_KILLER_VICIOUS_DESC,,1,challenge_h1_valor,3,,,,1,250,2,1000,3,2500,,,,,,,,,,,,,233,,,,,,,,,,,,,,,ch_valor_mastery,,,category_career,
ch_kingslayer,CHALLENGE_KINGSLAYER,CHALLENGE_KINGSLAYER_DESC,,1,challenge_h1_valor,3,,,,10,250,25,1000,100,2500,,,,,,,,,,,,,234,,,,,,,,,,,,,,,ch_valor_mastery,,,category_career,
ch_prestige_mastery,CHALLENGE_PRESTIGE_MASTERY,CHALLENGE_MASTERY_DESC,,1,challenge_h1_prestige,0,,,,39,0,,,,,,,,,,,,,,,,,235,,,,,,,,,,,,,,,ch_all_mastery,,,category_career,1
ch_headhunter,CHALLENGE_HEADHUNTER,CHALLENGE_HEADHUNTER_DESC,,1,challenge_h1_prestige,0,,,,10,500,20,2500,80,5000,,,,,,,,,,,,,236,,,,,,,,,,,,,,,ch_prestige_mastery,,,category_career,
ch_fearless,CHALLENGE_FEARLESS,CHALLENGE_FEARLESS_DESC,,1,challenge_h1_prestige,0,,,,5,500,25,2500,50,5000,,,,,,,,,,,,,237,,,,,,,,,,,,,,,ch_prestige_mastery,,,category_career,
ch_triplehurt,CHALLENGE_TRIPLEHURT,CHALLENGE_TRIPLEHURT_DESC,,1,challenge_h1_prestige,0,,,,5,500,10,2500,15,5000,,,,,,,,,,,,,238,,,,,,,,,,,,,,,ch_prestige_mastery,,,category_career,
ch_backfire,CHALLENGE_BACKFIRE,CHALLENGE_BACKFIRE_DESC,,1,challenge_h1_prestige,0,,,,10,500,25,2500,100,5000,,,,,,,,,,,,,239,,,,,,,,,,,,,,,ch_prestige_mastery,,,category_career,
ch_deadeye,CHALLENGE_DEADEYE,CHALLENGE_DEADEYE_DESC,,1,challenge_h1_prestige,0,,,,50,500,100,2500,300,5000,,,,,,,,,,,,,240,,,,,,,,,,,,,,,ch_prestige_mastery,,,category_career,
ch_flash,CHALLENGE_FLASH,CHALLENGE_FLASH_DESC,,1,challenge_h1_prestige,0,,,,25,500,50,2500,250,5000,,,,,,,,,,,,,241,,,,,,,,,,,,,,,ch_prestige_mastery,,,category_career,
ch_superstar,CHALLENGE_SUPERSTAR,CHALLENGE_SUPERSTAR_DESC,,1,challenge_h1_prestige,0,,,,5,500,10,2500,50,5000,,,,,,,,,,,,,242,,,,,,,,,,,,,,,ch_prestige_mastery,,,category_career,
ch_mvp,CHALLENGE_MVP,CHALLENGE_MVP_DESC,,1,challenge_h1_prestige,0,,,,5,500,25,2500,50,5000,,,,,,,,,,,,,243,,,,,,,,,,,,,,,ch_prestige_mastery,,,category_career,
ch_superior,CHALLENGE_SUPERIOR,CHALLENGE_SUPERIOR_DESC,,1,challenge_h1_prestige,0,,,,25,500,100,2500,300,5000,,,,,,,,,,,,,244,,,,,,,,,,,,,,,ch_prestige_mastery,,,category_career,
ch_moviestar,CHALLENGE_MOVIESTAR,CHALLENGE_MOVIESTAR_DESC,,1,challenge_h1_prestige,0,,,,5,500,10,2500,25,5000,,,,,,,,,,,,,245,,,,,,,,,,,,,,,ch_prestige_mastery,,,category_career,
ch_uav_assist,CHALLENGE_UAV_ASSIST,CHALLENGE_UAV_ASSIST_DESC,,1,challenge_h1_prestige,0,,,,50,500,250,2500,500,5000,,,,,,,,,,,,,246,,,,,,,,,,,,,,,ch_prestige_mastery,,,category_career,
ch_launcher_kill,CHALLENGE_LAUNCHER_KILL,CHALLENGE_LAUNCHER_KILL_DESC,,1,challenge_h1_prestige,0,,,,5,500,10,2500,25,5000,,,,,,,,,,,,,247,,,,,,,,,,,,,,,ch_prestige_mastery,,,category_career,
ch_precision_farsight,CHALLENGE_PRECISION_FARSIGHT,CHALLENGE_PRECISION_FARSIGHT_DESC,,1,challenge_h1_prestige,0,,,,5,500,25,2500,50,5000,,,,,,,,,,,,,248,,,,,,,,,,,,,,,ch_prestige_mastery,,,category_career,
ch_savior,CHALLENGE_SAVIOR,CHALLENGE_SAVIOR_DESC,,1,challenge_h1_prestige,0,,,,10,500,25,2500,100,5000,,,,,,,,,,,,,249,,,,,,,,,,,,,,,ch_prestige_mastery,,,category_career,
ch_humiliation_finders,CHALLENGE_HUMILIATION_FINDERS,CHALLENGE_HUMILIATION_FINDERS_DESC,,1,challenge_h1_prestige,0,,,,5,500,10,2500,25,5000,,,,,,,,,,,,,250,,,,,,,,,,,,,,,ch_prestige_mastery,,,category_career,
ch_ninja,CHALLENGE_NINJA,CHALLENGE_NINJA_DESC,,1,challenge_h1_prestige,0,,,,1,500,3,2500,5,5000,,,,,,,,,,,,,251,,,,,,,,,,,,,,,ch_prestige_mastery,,,category_career,
ch_kills_stolen,CHALLENGE_KILLS_STOLEN,CHALLENGE_KILLS_STOLEN_DESC,,1,challenge_h1_prestige,0,,,,25,500,100,2500,300,5000,,,,,,,,,,,,,252,,,,,,,,,,,,,,,ch_prestige_mastery,,,category_career,
ch_jump_slasher,CHALLENGE_JUMP_SLASHER,CHALLENGE_JUMP_SLASHER_DESC,,1,challenge_h1_prestige,0,,,,10,500,25,2500,50,5000,,,,,,,,,,,,,253,,,,,,,,,,,,,,,ch_prestige_mastery,,,category_career,
ch_attach_glkills,CHALLENGE_ATTACH_GLKILLS,CHALLENGE_ATTACH_GLKILLS_DESC,,1,challenge_h1_prestige,0,,,,10,500,25,2500,100,5000,,,,,,,,,,,,,254,,,,,,,,,,,,,,,ch_prestige_mastery,,,category_career,
ch_finishingtouch,CHALLENGE_FINISHINGTOUCH,CHALLENGE_FINISHINGTOUCH_DESC,,1,challenge_h1_prestige,0,,,,5,500,10,2500,15,5000,,,,,,,,,,,,,255,,,,,,,,,,,,,,,ch_prestige_mastery,,,category_career,
ch_100_paragon,CHALLENGE_LEVEL_100,CHALLENGE_LEVEL_100_DESC,,1,challenge_h1_prestige,0,,,,1,5000,,,,,,,,,,,,,,,,,256,,,,,,,,,,,,,,,ch_prestige_mastery,,,category_career,10
ch_150_paragon,CHALLENGE_LEVEL_150,CHALLENGE_LEVEL_150_DESC,,1,challenge_h1_prestige,99,,,,1,5000,,,,,,,,,,,,,,,,,257,,,,,,,,,,,,,,,ch_prestige_mastery,,,category_career,
ch_200_paragon,CHALLENGE_LEVEL_200,CHALLENGE_LEVEL_200_DESC,,1,challenge_h1_prestige,149,,,,1,5000,,,,,,,,,,,,,,,,,258,,,,,,,,,,,,,,,ch_prestige_mastery,,,category_career,
ch_250_paragon,CHALLENGE_LEVEL_250,CHALLENGE_LEVEL_250_DESC,,1,challenge_h1_prestige,199,,,,1,5000,,,,,,,,,,,,,,,,,259,,,,,,,,,,,,,,,ch_prestige_mastery,,,category_career,
ch_300_paragon,CHALLENGE_LEVEL_300,CHALLENGE_LEVEL_300_DESC,,1,challenge_h1_prestige,249,,,,1,5000,,,,,,,,,,,,,,,,,260,,,,,,,,,,,,,,,ch_prestige_mastery,,,category_career,
ch_350_paragon,CHALLENGE_LEVEL_350,CHALLENGE_LEVEL_350_DESC,,1,challenge_h1_prestige,299,,,,1,5000,,,,,,,,,,,,,,,,,261,,,,,,,,,,,,,,,ch_prestige_mastery,,,category_career,
ch_400_paragon,CHALLENGE_LEVEL_400,CHALLENGE_LEVEL_400_DESC,,1,challenge_h1_prestige,349,,,,1,5000,,,,,,,,,,,,,,,,,262,,,,,,,,,,,,,,,ch_prestige_mastery,,,category_career,
ch_450_paragon,CHALLENGE_LEVEL_450,CHALLENGE_LEVEL_450_DESC,,1,challenge_h1_prestige,399,,,,1,5000,,,,,,,,,,,,,,,,,263,,,,,,,,,,,,,,,ch_prestige_mastery,,,category_career,
ch_500_paragon,CHALLENGE_LEVEL_500,CHALLENGE_LEVEL_500_DESC,,1,challenge_h1_prestige,449,,,,1,5000,,,,,,,,,,,,,,,,,264,,,,,,,,,,,,,,,ch_prestige_mastery,,,category_career,
ch_550_paragon,CHALLENGE_LEVEL_550,CHALLENGE_LEVEL_550_DESC,,1,challenge_h1_prestige,499,,,,1,5000,,,,,,,,,,,,,,,,,265,,,,,,,,,,,,,,,ch_prestige_mastery,,,category_career,
ch_600_paragon,CHALLENGE_LEVEL_600,CHALLENGE_LEVEL_600_DESC,,1,challenge_h1_prestige,549,,,,1,5000,,,,,,,,,,,,,,,,,266,,,,,,,,,,,,,,,ch_prestige_mastery,,,category_career,
ch_650_paragon,CHALLENGE_LEVEL_650,CHALLENGE_LEVEL_650_DESC,,1,challenge_h1_prestige,599,,,,1,5000,,,,,,,,,,,,,,,,,267,,,,,,,,,,,,,,,ch_prestige_mastery,,,category_career,
ch_700_paragon,CHALLENGE_LEVEL_700,CHALLENGE_LEVEL_700_DESC,,1,challenge_h1_prestige,649,,,,1,5000,,,,,,,,,,,,,,,,,268,,,,,,,,,,,,,,,ch_prestige_mastery,,,category_career,
ch_750_paragon,CHALLENGE_LEVEL_750,CHALLENGE_LEVEL_750_DESC,,1,challenge_h1_prestige,699,,,,1,5000,,,,,,,,,,,,,,,,,269,,,,,,,,,,,,,,,ch_prestige_mastery,,,category_career,
ch_800_paragon,CHALLENGE_LEVEL_800,CHALLENGE_LEVEL_800_DESC,,1,challenge_h1_prestige,749,,,,1,5000,,,,,,,,,,,,,,,,,270,,,,,,,,,,,,,,,ch_prestige_mastery,,,category_career,
ch_850_paragon,CHALLENGE_LEVEL_850,CHALLENGE_LEVEL_850_DESC,,1,challenge_h1_prestige,799,,,,1,5000,,,,,,,,,,,,,,,,,271,,,,,,,,,,,,,,,ch_prestige_mastery,,,category_career,
ch_900_paragon,CHALLENGE_LEVEL_900,CHALLENGE_LEVEL_900_DESC,,1,challenge_h1_prestige,849,,,,1,5000,,,,,,,,,,,,,,,,,272,,,,,,,,,,,,,,,ch_prestige_mastery,,,category_career,
ch_950_paragon,CHALLENGE_LEVEL_950,CHALLENGE_LEVEL_950_DESC,,1,challenge_h1_prestige,899,,,,1,5000,,,,,,,,,,,,,,,,,273,,,,,,,,,,,,,,,ch_prestige_mastery,,,category_career,
ch_1000_paragon,CHALLENGE_LEVEL_1000,CHALLENGE_LEVEL_1000_DESC,,1,challenge_h1_prestige,949,,,,1,0,,,,,,,,,,,,,,,,,274,,,,,,,,,,,,,,,ch_prestige_mastery,,,category_career,
ch_all_mastery,CHALLENGE_ALL_MASTERY,CHALLENGE_ALL_MASTERY_DESC,,1,,0,,,,7,0,,,,,,,,,,,,,,,,,275,,,,,,,,,,,,,,,,,,,
ch_daily_01,CHALLENGE_DAILY,CHALLENGE_DAILY_01_DESC,,1,daily_challenges,0,,,,25,2000,,,,,,,,,,,,,,,,,1703,,,,,,,,,,,,,,,,2,,,
ch_daily_02,CHALLENGE_DAILY,CHALLENGE_DAILY_02_DESC,,1,daily_challenges,0,,,,5,2000,,,,,,,,,,,,,,,,,1704,,,,,,,,,,,,,,,,2,,,
ch_daily_03,CHALLENGE_DAILY,CHALLENGE_DAILY_03_DESC,,1,daily_challenges,0,,,,10,2000,,,,,,,,,,,,,,,,,1705,,,,,,,,,,,,,,,,2,,,
ch_daily_04,CHALLENGE_DAILY,CHALLENGE_DAILY_04_DESC,,1,daily_challenges,0,,,,25,2000,,,,,,,,,,,,,,,,,1706,,,,,,,,,,,,,,,,2,,,
ch_daily_05,CHALLENGE_DAILY,CHALLENGE_DAILY_05_DESC,,1,daily_challenges,0,,,,30,2000,,,,,,,,,,,,,,,,,1707,,,,,,,,,,,,,,,,2,,,
ch_daily_06,CHALLENGE_DAILY,CHALLENGE_DAILY_06_DESC,,1,daily_challenges,0,,,,10,2000,,,,,,,,,,,,,,,,,1708,,,,,,,,,,,,,,,,2,,,
ch_daily_07,CHALLENGE_DAILY,CHALLENGE_DAILY_07_DESC,,1,daily_challenges,0,,,,30,2000,,,,,,,,,,,,,,,,,1709,,,,,,,,,,,,,,,,2,,,
ch_daily_08,CHALLENGE_DAILY,CHALLENGE_DAILY_08_DESC,,1,daily_challenges,0,,,,30,2000,,,,,,,,,,,,,,,,,1710,,,,,,,,,,,,,,,,2,,,
ch_daily_09,CHALLENGE_DAILY,CHALLENGE_DAILY_09_DESC,,1,daily_challenges,0,,,,30,2000,,,,,,,,,,,,,,,,,1711,,,,,,,,,,,,,,,,2,,,
ch_daily_10,CHALLENGE_DAILY,CHALLENGE_DAILY_10_DESC,,1,daily_challenges,0,,,,5,2000,,,,,,,,,,,,,,,,,1712,,,,,,,,,,,,,,,,2,,,
ch_daily_11,CHALLENGE_DAILY,CHALLENGE_DAILY_11_DESC,,1,daily_challenges,0,,,,10,2000,,,,,,,,,,,,,,,,,1713,,,,,,,,,,,,,,,,2,,,
ch_daily_12,CHALLENGE_DAILY,CHALLENGE_DAILY_12_DESC,,1,daily_challenges,0,,,,20,2000,,,,,,,,,,,,,,,,,1714,,,,,,,,,,,,,,,,2,,,
ch_daily_13,CHALLENGE_DAILY,CHALLENGE_DAILY_13_DESC,,1,daily_challenges,0,,,,5,2000,,,,,,,,,,,,,,,,,1715,,,,,,,,,,,,,,,,2,,,
ch_daily_14,CHALLENGE_DAILY,CHALLENGE_DAILY_14_DESC,,1,daily_challenges,0,,,,30,2000,,,,,,,,,,,,,,,,,1716,,,,,,,,,,,,,,,,2,,,
ch_daily_15,CHALLENGE_DAILY,CHALLENGE_DAILY_15_DESC,,1,daily_challenges,0,,,,30,2000,,,,,,,,,,,,,,,,,1717,,,,,,,,,,,,,,,,2,,,
ch_daily_16,CHALLENGE_DAILY,CHALLENGE_DAILY_16_DESC,,1,daily_challenges,0,,,,1,2000,,,,,,,,,,,,,,,,,1718,,,,,,,,,,,,,,,,2,,,
ch_daily_17,CHALLENGE_DAILY,CHALLENGE_DAILY_17_DESC,,1,daily_challenges,0,,,,1,2000,,,,,,,,,,,,,,,,,1719,,,,,,,,,,,,,,,,2,,,
ch_daily_18,CHALLENGE_DAILY,CHALLENGE_DAILY_18_DESC,,1,daily_challenges,0,,,,30,2000,,,,,,,,,,,,,,,,,1720,,,,,,,,,,,,,,,,2,,,
ch_daily_19,CHALLENGE_DAILY,CHALLENGE_DAILY_19_DESC,,1,daily_challenges,0,,,,30,2000,,,,,,,,,,,,,,,,,1721,,,,,,,,,,,,,,,,2,,,
ch_daily_20,CHALLENGE_DAILY,CHALLENGE_DAILY_20_DESC,,1,daily_challenges,0,,,,3,2000,,,,,,,,,,,,,,,,,1722,,,,,,,,,,,,,,,,2,,,
ch_daily_21,CHALLENGE_DAILY,CHALLENGE_DAILY_21_DESC,,1,daily_challenges,0,,,,25,2000,,,,,,,,,,,,,,,,,1723,,,,,,,,,,,,,,,,2,,,
ch_daily_22,CHALLENGE_DAILY,CHALLENGE_DAILY_22_DESC,,1,daily_challenges,0,,,,1,2000,,,,,,,,,,,,,,,,,1724,,,,,,,,,,,,,,,,2,,,
ch_daily_23,CHALLENGE_DAILY,CHALLENGE_DAILY_23_DESC,,1,daily_challenges,0,,,,3,2000,,,,,,,,,,,,,,,,,1725,,,,,,,,,,,,,,,,2,,,
ch_daily_24,CHALLENGE_DAILY,CHALLENGE_DAILY_24_DESC,,1,daily_challenges,0,,,,30,2000,,,,,,,,,,,,,,,,,1726,,,,,,,,,,,,,,,,2,,,
ch_daily_25,CHALLENGE_DAILY,CHALLENGE_DAILY_25_DESC,,1,daily_challenges,0,,,,3,2000,,,,,,,,,,,,,,,,,1727,,,,,,,,,,,,,,,,2,,,
ch_daily_26,CHALLENGE_DAILY,CHALLENGE_DAILY_26_DESC,,1,daily_challenges,0,,,,3,2000,,,,,,,,,,,,,,,,,1728,,,,,,,,,,,,,,,,2,,,
ch_daily_27,CHALLENGE_DAILY,CHALLENGE_DAILY_27_DESC,,1,daily_challenges,0,,,,3,2000,,,,,,,,,,,,,,,,,1729,,,,,,,,,,,,,,,,2,,,
ch_daily_28,CHALLENGE_DAILY,CHALLENGE_DAILY_28_DESC,,1,daily_challenges,0,,,,3,2000,,,,,,,,,,,,,,,,,1730,,,,,,,,,,,,,,,,2,,,
ch_daily_29,CHALLENGE_DAILY,CHALLENGE_DAILY_29_DESC,,1,daily_challenges,0,,,,3,2000,,,,,,,,,,,,,,,,,1731,,,,,,,,,,,,,,,,2,,,
ch_daily_30,CHALLENGE_DAILY,CHALLENGE_DAILY_30_DESC,,1,daily_challenges,0,,,,3,2000,,,,,,,,,,,,,,,,,1732,,,,,,,,,,,,,,,,2,,,
ch_daily_31,CHALLENGE_DAILY,CHALLENGE_DAILY_31_DESC,,1,daily_challenges,0,,,,15,2000,,,,,,,,,,,,,,,,,1733,,,,,,,,,,,,,,,,2,,,
ch_daily_32,CHALLENGE_DAILY,CHALLENGE_DAILY_32_DESC,,1,daily_challenges,0,,,,1,2000,,,,,,,,,,,,,,,,,1734,,,,,,,,,,,,,,,,2,,,
ch_daily_33,CHALLENGE_DAILY,CHALLENGE_DAILY_33_DESC,,1,daily_challenges,0,,,,25,2000,,,,,,,,,,,,,,,,,1735,,,,,,,,,,,,,,,,2,,,
ch_daily_34,CHALLENGE_DAILY,CHALLENGE_DAILY_34_DESC,,1,daily_challenges,0,,,,10,2000,,,,,,,,,,,,,,,,,1736,,,,,,,,,,,,,,,,2,,,
ch_daily_35,CHALLENGE_DAILY,CHALLENGE_DAILY_35_DESC,,1,daily_challenges,0,,,,1,2000,,,,,,,,,,,,,,,,,1737,,,,,,,,,,,,,,,,2,,,
ch_daily_36,CHALLENGE_DAILY,CHALLENGE_DAILY_36_DESC,,1,daily_challenges,0,,,,3,2000,,,,,,,,,,,,,,,,,1738,,,,,,,,,,,,,,,,2,,,
ch_daily_37,CHALLENGE_DAILY,CHALLENGE_DAILY_37_DESC,,1,daily_challenges,0,,,,3,2000,,,,,,,,,,,,,,,,,1739,,,,,,,,,,,,,,,,2,,,
ch_daily_38,CHALLENGE_DAILY,CHALLENGE_DAILY_38_DESC,,1,daily_challenges,0,,,,10,2000,,,,,,,,,,,,,,,,,1740,,,,,,,,,,,,,,,,2,,,
ch_daily_39,CHALLENGE_DAILY,CHALLENGE_DAILY_39_DESC,,1,daily_challenges,0,,,,25,2000,,,,,,,,,,,,,,,,,1741,,,,,,,,,,,,,,,,2,,,
ch_daily_40,CHALLENGE_DAILY,CHALLENGE_DAILY_40_DESC,,1,daily_challenges,0,,,,25,2000,,,,,,,,,,,,,,,,,1742,,,,,,,,,,,,,,,,2,,,
ch_daily_41,CHALLENGE_DAILY,CHALLENGE_DAILY_41_DESC,,1,daily_challenges,0,,,,10,2000,,,,,,,,,,,,,,,,,1743,,,,,,,,,,,,,,,,2,,,
ch_daily_42,CHALLENGE_DAILY,CHALLENGE_DAILY_42_DESC,,1,daily_challenges,0,,,,5,2000,,,,,,,,,,,,,,,,,1744,,,,,,,,,,,,,,,,2,,,
ch_daily_43,CHALLENGE_DAILY,CHALLENGE_DAILY_43_DESC,,1,daily_challenges,0,,,,3,2000,,,,,,,,,,,,,,,,,1745,,,,,,,,,,,,,,,,2,,,
ch_daily_44,CHALLENGE_DAILY,CHALLENGE_DAILY_44_DESC,,1,daily_challenges,0,,,,15,2000,,,,,,,,,,,,,,,,,1746,,,,,,,,,,,,,,,,2,,,
ch_daily_45,CHALLENGE_DAILY,CHALLENGE_DAILY_45_DESC,,1,daily_challenges,0,,,,25,2000,,,,,,,,,,,,,,,,,1747,,,,,,,,,,,,,,,,2,,,
ch_prestige,CHALLENGE_PRESTIGE,CHALLENGE_PRESTIGE_DESC,,1,null,0,,,,1,0,2,0,3,0,4,0,5,0,6,0,7,0,8,0,9,0,8000,,,,,,,,,,,,,,,,,,,
ch_prestige_max,CHALLENGE_PRESTIGE_MAX,CHALLENGE_PRESTIGE_MAX_DESC,,1,null,0,,,,1,0,2,0,3,0,4,0,5,0,6,0,7,0,8,0,9,0,8001,,,,,,,,,,,,,,,,,,,
ch_prestige2,CHALLENGE_PRESTIGE,CHALLENGE_PRESTIGE_DESC,,1,null,0,,,,1,0,2,0,3,0,4,0,5,0,6,0,7,0,8,0,9,0,8002,,,,,,,,,,,,,,,,1,,,
ch_prestige2_ex,,,,1,null,0,,,,1,0,2,0,3,0,4,0,5,0,6,0,7,0,8,0,9,0,8003,,,,,,,,,,,,,,,,1,,,
ch_prestige_max2,CHALLENGE_PRESTIGE_MAX2,CHALLENGE_PRESTIGE_MAX2_DESC,,1,null,0,,,,1,0,2,0,3,0,4,0,5,0,6,0,7,0,8,0,9,0,8004,,,,,,,,,,,,,,,,1,,,
ch_prestige2_tokens,CHALLENGE_PRESTIGE,CHALLENGE_PRESTIGE_DESC,,1,null,0,,,,1,0,2,0,3,0,4,0,5,0,6,0,7,0,8,0,9,0,8005,,,,,,,,,,,,,,,,1,,,
ch_prestige2_ex_tokens,,,,1,null,0,,,,1,0,2,0,3,0,4,0,5,0,6,0,7,0,8,0,9,0,8006,,,,,,,,,,,,,,,,1,,,
ch_rank_csd,,,,1,null,0,,,,1,0,2,0,3,0,4,0,5,0,6,0,7,0,8,0,9,0,8007,,,,,,,,,,,,,,,,1,,,
ch_sp_mp_unlock,,,NULL,1,null,0,,,,1,0,2,0,3,0,4,0,5,0,6,0,7,0,8,0,9,0,9000,,,,,,,,,,,,,,,,,,,
ch_coop_mp_unlock,,,NULL,1,null,0,,,,1,0,2,0,3,0,4,0,5,0,6,0,7,0,8,0,9,0,9001,,,,,,,,,,,,,,,,,,,
ch_csd,,,NULL,1,null,0,,,,1,0,2,0,3,0,4,0,5,0,6,0,7,0,8,0,9,0,11000,,,,,,,,,,,,,,,,1,,,
ch_null,,,NULL,1,null,0,,,,1,0,2,0,3,0,4,0,5,0,6,0,7,0,8,0,9,0,9999,,,,,,,,,,,,,,,,,,,
