patch,0,0,em_st_def,MENU_EMBLEM_CAPS,0,0,0,0,general,general,0.35,,0,,,wpn_h1_sticker_000,char_mp_patch_circle_000_col,#,0,,
patch,1,1,em_st_000,MENU_EMBLEM_CAPS,0,0,0,0,general,general,0.35,,1,,,wpn_h1_stickerfix_001,char_mp_patch_circlefix_001_col,#,0,,
patch,2,1,em_st_001,MENU_EMBLEM_CAPS,0,0,0,0,general,general,0.35,,2,,,wpn_h1_stickerfix_001,char_mp_patch_circlefix_001_col,#,0,,
patch,3,1,em_st_002,MENU_EMBLEM_CAPS,0,0,0,0,general,general,0.35,,3,,,wpn_h1_stickerfix_001,char_mp_patch_circlefix_001_col,#,0,,
patch,4,1,em_st_003,MENU_EMBLEM_CAPS,0,0,0,0,general,general,0.35,,4,,,wpn_h1_stickerfix_001,char_mp_patch_circlefix_001_col,#,0,,
patch,5,1,em_st_004,MENU_EMBLEM_CAPS,0,0,0,0,general,general,0.35,,5,,,wpn_h1_stickerfix_001,char_mp_patch_circlefix_001_col,#,0,,
patch,6,1,em_st_005,MENU_EMBLEM_CAPS,0,0,0,0,general,general,0.35,,6,,,wpn_h1_stickerfix_001,char_mp_patch_circlefix_001_col,#,0,,
patch,7,1,em_st_006,MENU_EMBLEM_CAPS,0,0,0,0,general,general,0.35,,7,,,wpn_h1_stickerfix_001,char_mp_patch_circlefix_001_col,#,0,,
patch,8,1,em_st_007,MENU_EMBLEM_CAPS,0,0,0,0,general,general,0.35,,8,,,wpn_h1_stickerfix_001,char_mp_patch_circlefix_001_col,#,0,,
patch,9,1,em_st_008,MENU_EMBLEM_CAPS,0,0,0,0,general,general,0.35,,9,,,wpn_h1_stickerfix_001,char_mp_patch_circlefix_001_col,#,0,,
patch,10,1,em_st_009,MENU_EMBLEM_CAPS,0,0,0,0,general,general,0.35,,10,,,wpn_h1_stickerfix_001,char_mp_patch_circlefix_001_col,#,0,,
patch,11,1,em_st_010,MENU_EMBLEM_CAPS,0,0,0,0,general,general,0.35,,11,,,wpn_h1_stickerfix_001,char_mp_patch_circlefix_001_col,#,0,,
patch,12,1,em_st_011,MENU_EMBLEM_CAPS,0,0,0,0,general,general,0.35,,12,,,wpn_h1_stickerfix_001,char_mp_patch_circlefix_001_col,#,0,,
patch,13,1,em_st_012,MENU_EMBLEM_CAPS,0,0,0,0,general,general,0.35,,13,,,wpn_h1_stickerfix_001,char_mp_patch_circlefix_001_col,#,0,,
patch,14,1,em_st_013,MENU_EMBLEM_CAPS,0,0,0,0,general,general,0.35,,14,,,wpn_h1_stickerfix_001,char_mp_patch_circlefix_001_col,#,0,,
patch,15,1,em_st_014,MENU_EMBLEM_CAPS,0,0,0,0,general,general,0.35,,15,,,wpn_h1_stickerfix_001,char_mp_patch_circlefix_001_col,#,0,,
patch,16,1,em_st_015,MENU_EMBLEM_CAPS,0,0,0,0,general,general,0.35,,16,,,wpn_h1_stickerfix_001,char_mp_patch_circlefix_001_col,#,0,,
patch,17,1,em_st_016,MENU_EMBLEM_CAPS,0,0,0,0,general,general,0.35,,17,,,wpn_h1_stickerfix_001,char_mp_patch_circlefix_001_col,#,0,,
patch,18,1,em_st_017,MENU_EMBLEM_CAPS,0,0,0,0,general,general,0.35,,18,,,wpn_h1_stickerfix_001,char_mp_patch_circlefix_001_col,#,0,,
patch,19,1,em_st_018,MENU_EMBLEM_CAPS,0,0,0,0,general,general,0.35,,19,,,wpn_h1_stickerfix_001,char_mp_patch_circlefix_001_col,#,0,,
patch,20,1,em_st_019,MENU_EMBLEM_CAPS,0,0,0,0,general,general,0.35,,20,,,wpn_h1_stickerfix_001,char_mp_patch_circlefix_001_col,#,0,,
patch,21,1,em_st_020,MENU_EMBLEM_CAPS,0,0,0,0,general,general,0.35,,21,,,wpn_h1_stickerfix_001,char_mp_patch_circlefix_001_col,#,0,,
patch,22,1,em_st_021,MENU_EMBLEM_CAPS,0,0,0,0,general,general,0.35,,22,,,wpn_h1_stickerfix_001,char_mp_patch_circlefix_001_col,#,0,,
patch,23,1,em_st_022,MENU_EMBLEM_CAPS,0,0,0,0,general,general,0.35,,23,,,wpn_h1_stickerfix_001,char_mp_patch_circlefix_001_col,#,0,,
patch,24,1,em_st_023,MENU_EMBLEM_CAPS,0,0,0,0,general,general,0.35,,24,,,wpn_h1_stickerfix_001,char_mp_patch_circlefix_001_col,#,0,,
patch,25,1,em_st_024,MENU_EMBLEM_CAPS,0,0,0,0,general,general,0.35,,25,,,wpn_h1_stickerfix_001,char_mp_patch_circlefix_001_col,#,0,,
patch,26,1,em_st_025,MENU_EMBLEM_CAPS,0,0,0,0,general,general,0.35,,26,,,wpn_h1_stickerfix_001,char_mp_patch_circlefix_001_col,#,0,,
patch,27,1,em_st_026,MENU_EMBLEM_CAPS,0,0,0,0,general,general,0.35,,27,,,wpn_h1_stickerfix_001,char_mp_patch_circlefix_001_col,#,0,,
patch,28,1,em_st_027,MENU_EMBLEM_CAPS,0,0,0,0,general,general,0.35,,28,,,wpn_h1_stickerfix_001,char_mp_patch_circlefix_001_col,#,0,,
patch,29,1,em_st_028,MENU_EMBLEM_CAPS,0,0,0,0,general,general,0.35,,29,,,wpn_h1_stickerfix_001,char_mp_patch_circlefix_001_col,#,0,,
patch,30,1,em_st_029,MENU_EMBLEM_CAPS,0,0,0,0,general,general,0.35,,30,,,wpn_h1_stickerfix_001,char_mp_patch_circlefix_001_col,#,0,,
patch,31,1,em_st_030,MENU_EMBLEM_CAPS,0,0,0,0,general,general,0.35,,31,,,wpn_h1_stickerfix_001,char_mp_patch_circlefix_001_col,#,0,,
patch,32,1,em_st_031,MENU_EMBLEM_CAPS,0,0,0,0,general,general,0.35,,32,,,wpn_h1_stickerfix_001,char_mp_patch_circlefix_001_col,#,0,,
patch,33,1,em_st_032,MENU_EMBLEM_CAPS,0,0,0,0,general,general,0.35,,33,,,wpn_h1_stickerfix_001,char_mp_patch_circlefix_001_col,#,0,,
patch,34,1,em_st_033,MENU_EMBLEM_CAPS,0,0,0,0,general,general,0.35,,34,,,wpn_h1_stickerfix_001,char_mp_patch_circlefix_001_col,#,0,,
patch,35,1,em_st_034,MENU_EMBLEM_CAPS,0,0,0,0,general,general,0.35,,35,,,wpn_h1_stickerfix_001,char_mp_patch_circlefix_001_col,#,0,,
patch,36,1,em_st_035,MENU_EMBLEM_CAPS,0,0,0,0,general,general,0.35,,36,,,wpn_h1_stickerfix_001,char_mp_patch_circlefix_001_col,#,0,,
patch,37,1,em_st_036,MENU_EMBLEM_CAPS,0,0,0,0,general,general,0.35,,37,,,wpn_h1_stickerfix_001,char_mp_patch_circlefix_001_col,#,0,,
patch,38,1,em_st_037,MENU_EMBLEM_CAPS,0,0,0,0,general,general,0.35,,38,,,wpn_h1_stickerfix_001,char_mp_patch_circlefix_001_col,#,0,,
patch,39,1,em_st_038,MENU_EMBLEM_CAPS,0,0,0,0,general,general,0.35,,39,,,wpn_h1_stickerfix_001,char_mp_patch_circlefix_001_col,#,0,,
patch,40,1,em_st_039,MENU_EMBLEM_CAPS,0,0,0,0,general,general,0.35,,40,,,wpn_h1_stickerfix_001,char_mp_patch_circlefix_001_col,#,0,,
patch,41,1,em_st_040,MENU_EMBLEM_CAPS,0,0,0,0,general,general,0.35,,41,,,wpn_h1_stickerfix_001,char_mp_patch_circlefix_001_col,#,0,,
patch,42,1,em_st_041,MENU_EMBLEM_CAPS,0,0,0,0,general,general,0.35,,42,,,wpn_h1_stickerfix_001,char_mp_patch_circlefix_001_col,#,0,,
patch,43,1,em_st_042,MENU_EMBLEM_CAPS,0,0,0,0,general,general,0.35,,43,,,wpn_h1_stickerfix_001,char_mp_patch_circlefix_001_col,#,0,,
patch,44,1,em_st_043,MENU_EMBLEM_CAPS,0,0,0,0,general,general,0.35,,44,,,wpn_h1_stickerfix_001,char_mp_patch_circlefix_001_col,#,0,,
patch,45,1,em_st_044,MENU_EMBLEM_CAPS,0,0,0,0,bootcamp,bootcamp,0.35,,45,,,wpn_h1_stickerfix_001,char_mp_patch_circlefix_001_col,#,0,,
patch,46,1,em_st_045,MENU_EMBLEM_CAPS,0,0,0,0,bootcamp,bootcamp,0.35,,46,,,wpn_h1_stickerfix_001,char_mp_patch_circlefix_001_col,#,0,,
patch,47,1,em_st_046,MENU_EMBLEM_CAPS,0,0,0,0,bootcamp,bootcamp,0.35,,47,,,wpn_h1_stickerfix_001,char_mp_patch_circlefix_001_col,#,0,,
patch,48,1,em_st_047,MENU_EMBLEM_CAPS,0,0,0,0,bootcamp,bootcamp,0.35,,48,,,wpn_h1_stickerfix_001,char_mp_patch_circlefix_001_col,#,0,,
patch,49,1,em_st_048,MENU_EMBLEM_CAPS,0,0,0,0,bootcamp,bootcamp,0.35,,49,,,wpn_h1_stickerfix_001,char_mp_patch_circlefix_001_col,#,0,,
patch,50,1,em_st_049,MENU_EMBLEM_CAPS,0,0,0,0,bootcamp,bootcamp,0.35,,50,,,wpn_h1_stickerfix_001,char_mp_patch_circlefix_001_col,#,0,,
patch,51,1,em_st_050,MENU_EMBLEM_CAPS,0,0,0,0,bootcamp,bootcamp,0.35,,51,,,wpn_h1_stickerfix_001,char_mp_patch_circlefix_001_col,#,0,,
patch,52,1,em_st_051,MENU_EMBLEM_CAPS,0,0,0,0,bootcamp,bootcamp,0.35,,52,,,wpn_h1_stickerfix_001,char_mp_patch_circlefix_001_col,#,0,,
patch,53,1,em_st_052,MENU_EMBLEM_CAPS,0,0,0,0,bootcamp,bootcamp,0.35,,53,,,wpn_h1_stickerfix_001,char_mp_patch_circlefix_001_col,#,0,,
patch,54,1,em_st_053,MENU_EMBLEM_CAPS,0,0,0,0,bootcamp,bootcamp,0.35,,54,,,wpn_h1_stickerfix_001,char_mp_patch_circlefix_001_col,#,0,,
patch,55,1,em_st_054,MENU_EMBLEM_CAPS,0,0,0,0,bootcamp,bootcamp,0.35,,55,,,wpn_h1_stickerfix_001,char_mp_patch_circlefix_001_col,#,0,,
patch,56,1,em_st_055,MENU_EMBLEM_CAPS,0,0,0,0,bootcamp,bootcamp,0.35,,56,,,wpn_h1_stickerfix_001,char_mp_patch_circlefix_001_col,#,0,,
patch,57,1,em_st_056,MENU_EMBLEM_CAPS,0,0,0,0,bootcamp,bootcamp,0.35,,57,,,wpn_h1_stickerfix_001,char_mp_patch_circlefix_001_col,#,0,,
patch,58,1,em_st_057,MENU_EMBLEM_CAPS,0,0,0,0,bootcamp,bootcamp,0.35,,58,,,wpn_h1_stickerfix_001,char_mp_patch_circlefix_001_col,#,0,,
patch,59,1,em_st_058,MENU_EMBLEM_CAPS,0,0,0,0,bootcamp,bootcamp,0.35,,59,,,wpn_h1_stickerfix_001,char_mp_patch_circlefix_001_col,#,0,,
patch,60,1,em_st_059,MENU_EMBLEM_CAPS,0,0,0,0,bootcamp,bootcamp,0.35,,60,,,wpn_h1_stickerfix_001,char_mp_patch_circlefix_001_col,#,0,,
patch,61,1,em_st_060,MENU_EMBLEM_CAPS,0,0,0,0,bootcamp,bootcamp,0.35,,61,,,wpn_h1_stickerfix_001,char_mp_patch_circlefix_001_col,#,0,,
patch,62,1,em_st_061,MENU_EMBLEM_CAPS,0,0,0,0,bootcamp,bootcamp,0.35,,62,,,wpn_h1_stickerfix_001,char_mp_patch_circlefix_001_col,#,0,,
patch,63,1,em_st_062,MENU_EMBLEM_CAPS,0,0,0,0,bootcamp,bootcamp,0.35,,63,,,wpn_h1_stickerfix_001,char_mp_patch_circlefix_001_col,#,0,,
patch,64,1,em_st_063,MENU_EMBLEM_CAPS,0,0,0,0,bootcamp,bootcamp,0.35,,64,,,wpn_h1_stickerfix_001,char_mp_patch_circlefix_001_col,#,0,,
patch,65,1,em_st_064,MENU_EMBLEM_CAPS,0,0,0,0,bootcamp,bootcamp,0.35,,65,,,wpn_h1_stickerfix_001,char_mp_patch_circlefix_001_col,#,0,,
patch,66,1,em_st_065,MENU_EMBLEM_CAPS,0,0,0,0,bootcamp,bootcamp,0.35,,66,,,wpn_h1_stickerfix_001,char_mp_patch_circlefix_001_col,#,0,,
patch,67,1,em_st_066,MENU_EMBLEM_CAPS,0,0,0,0,bootcamp,bootcamp,0.35,,67,,,wpn_h1_stickerfix_001,char_mp_patch_circlefix_001_col,#,0,,
patch,68,1,em_st_067,MENU_EMBLEM_CAPS,0,0,0,0,bootcamp,bootcamp,0.35,,68,,,wpn_h1_stickerfix_001,char_mp_patch_circlefix_001_col,#,0,,
patch,69,1,em_st_068,MENU_EMBLEM_CAPS,0,0,0,0,bootcamp,bootcamp,0.35,,69,,,wpn_h1_stickerfix_001,char_mp_patch_circlefix_001_col,#,0,,
patch,70,1,em_st_069,MENU_EMBLEM_CAPS,0,0,0,0,bootcamp,bootcamp,0.35,,70,,,wpn_h1_stickerfix_001,char_mp_patch_circlefix_001_col,#,0,,
patch,71,1,em_st_070,MENU_EMBLEM_CAPS,0,0,0,0,bootcamp,bootcamp,0.35,,71,,,wpn_h1_stickerfix_001,char_mp_patch_circlefix_001_col,#,0,,
patch,72,1,em_st_071,MENU_EMBLEM_CAPS,0,0,0,0,bootcamp,bootcamp,0.35,,72,,,wpn_h1_stickerfix_001,char_mp_patch_circlefix_001_col,#,0,,
patch,73,1,em_st_072,MENU_EMBLEM_CAPS,0,0,0,0,bootcamp,bootcamp,0.35,,73,,,wpn_h1_stickerfix_001,char_mp_patch_circlefix_001_col,#,0,,
patch,74,1,em_st_073,MENU_EMBLEM_CAPS,0,0,0,0,bootcamp,bootcamp,0.35,,74,,,wpn_h1_stickerfix_001,char_mp_patch_circlefix_001_col,#,0,,
patch,75,1,em_st_074,MENU_EMBLEM_CAPS,0,0,0,0,bootcamp,bootcamp,0.35,,75,,,wpn_h1_stickerfix_001,char_mp_patch_circlefix_001_col,#,0,,
patch,76,1,em_st_075,MENU_EMBLEM_CAPS,0,0,0,0,bootcamp,bootcamp,0.35,,76,,,wpn_h1_stickerfix_001,char_mp_patch_circlefix_001_col,#,0,,
patch,77,1,em_st_076,MENU_EMBLEM_CAPS,0,0,0,0,bootcamp,bootcamp,0.35,,77,,,wpn_h1_stickerfix_001,char_mp_patch_circlefix_001_col,#,0,,
patch,78,1,em_st_077,MENU_EMBLEM_CAPS,0,0,0,0,bootcamp,bootcamp,0.35,,78,,,wpn_h1_stickerfix_001,char_mp_patch_circlefix_001_col,#,0,,
patch,79,1,em_st_078,MENU_EMBLEM_CAPS,0,0,0,0,bootcamp,bootcamp,0.35,,79,,,wpn_h1_stickerfix_001,char_mp_patch_circlefix_001_col,#,0,,
patch,80,1,em_st_079,MENU_EMBLEM_CAPS,0,0,0,0,bootcamp,bootcamp,0.35,,80,,,wpn_h1_stickerfix_001,char_mp_patch_circlefix_001_col,#,0,,
patch,81,1,em_st_080,MENU_EMBLEM_CAPS,0,0,0,0,bootcamp,bootcamp,0.35,,81,,,wpn_h1_stickerfix_001,char_mp_patch_circlefix_001_col,#,0,,
patch,82,1,em_st_081,MENU_EMBLEM_CAPS,0,0,0,0,bootcamp,bootcamp,0.35,,82,,,wpn_h1_stickerfix_001,char_mp_patch_circlefix_001_col,#,0,,
patch,83,1,em_st_082,MENU_EMBLEM_CAPS,0,0,0,0,bootcamp,bootcamp,0.35,,83,,,wpn_h1_stickerfix_001,char_mp_patch_circlefix_001_col,#,0,,
patch,84,1,em_st_083,MENU_EMBLEM_CAPS,0,0,0,0,bootcamp,bootcamp,0.35,,84,,,wpn_h1_stickerfix_001,char_mp_patch_circlefix_001_col,#,0,,
patch,85,1,em_st_084,MENU_EMBLEM_CAPS,0,0,0,0,bootcamp,bootcamp,0.35,,85,,,wpn_h1_stickerfix_001,char_mp_patch_circlefix_001_col,#,0,,
patch,86,1,em_st_085,MENU_EMBLEM_CAPS,0,0,0,0,bootcamp,bootcamp,0.35,,86,,,wpn_h1_stickerfix_001,char_mp_patch_circlefix_001_col,#,0,,
patch,87,1,em_st_086,MENU_EMBLEM_CAPS,0,0,0,0,bootcamp,bootcamp,0.35,,87,,,wpn_h1_stickerfix_001,char_mp_patch_circlefix_001_col,#,0,,
patch,88,1,em_st_087,MENU_EMBLEM_CAPS,0,0,0,0,bootcamp,bootcamp,0.35,,88,,,wpn_h1_stickerfix_001,char_mp_patch_circlefix_001_col,#,0,,
patch,89,1,em_st_088,MENU_EMBLEM_CAPS,0,0,0,0,bootcamp,bootcamp,0.35,,89,,,wpn_h1_stickerfix_001,char_mp_patch_circlefix_001_col,#,0,,
patch,90,1,em_st_089,MENU_EMBLEM_CAPS,0,0,0,0,gamemodes,gamemodes,0.35,,90,,,wpn_h1_stickerfix_001,char_mp_patch_circlefix_001_col,#,0,,
patch,91,1,em_st_090,MENU_EMBLEM_CAPS,0,0,0,0,gamemodes,gamemodes,0.35,,91,,,wpn_h1_stickerfix_001,char_mp_patch_circlefix_001_col,#,0,,
patch,92,1,em_st_091,MENU_EMBLEM_CAPS,0,0,0,0,gamemodes,gamemodes,0.35,,92,,,wpn_h1_stickerfix_001,char_mp_patch_circlefix_001_col,#,0,,
patch,93,1,em_st_092,MENU_EMBLEM_CAPS,0,0,0,0,gamemodes,gamemodes,0.35,,93,,,wpn_h1_stickerfix_001,char_mp_patch_circlefix_001_col,#,0,,
patch,94,1,em_st_093,MENU_EMBLEM_CAPS,0,0,0,0,gamemodes,gamemodes,0.35,,94,,,wpn_h1_stickerfix_001,char_mp_patch_circlefix_001_col,#,0,,
patch,95,1,em_st_094,MENU_EMBLEM_CAPS,0,0,0,0,gamemodes,gamemodes,0.35,,95,,,wpn_h1_stickerfix_001,char_mp_patch_circlefix_001_col,#,0,,
patch,96,1,em_st_095,MENU_EMBLEM_CAPS,0,0,0,0,gamemodes,gamemodes,0.35,,96,,,wpn_h1_stickerfix_001,char_mp_patch_circlefix_001_col,#,0,,
patch,97,1,em_st_096,MENU_EMBLEM_CAPS,0,0,0,0,gamemodes,gamemodes,0.35,,97,,,wpn_h1_stickerfix_001,char_mp_patch_circlefix_001_col,#,0,,
patch,98,1,em_st_097,MENU_EMBLEM_CAPS,0,0,0,0,gamemodes,gamemodes,0.35,,98,,,wpn_h1_stickerfix_001,char_mp_patch_circlefix_001_col,#,0,,
patch,99,1,em_st_098,MENU_EMBLEM_CAPS,0,0,0,0,gamemodes,gamemodes,0.35,,99,,,wpn_h1_stickerfix_001,char_mp_patch_circlefix_001_col,#,0,,
patch,100,1,em_st_099,MENU_EMBLEM_CAPS,0,0,0,0,gamemodes,gamemodes,0.35,,100,,,wpn_h1_stickerfix_001,char_mp_patch_circlefix_001_col,#,0,,
patch,101,1,em_st_100,MENU_EMBLEM_CAPS,0,0,0,0,gamemodes,gamemodes,0.35,,101,,,wpn_h1_stickerfix_001,char_mp_patch_circlefix_001_col,#,0,,
patch,102,1,em_st_101,MENU_EMBLEM_CAPS,0,0,0,0,gamemodes,gamemodes,0.35,,102,,,wpn_h1_stickerfix_001,char_mp_patch_circlefix_001_col,#,0,,
patch,103,1,em_st_102,MENU_EMBLEM_CAPS,0,0,0,0,gamemodes,gamemodes,0.35,,103,,,wpn_h1_stickerfix_001,char_mp_patch_circlefix_001_col,#,0,,
patch,104,1,em_st_103,MENU_EMBLEM_CAPS,0,0,0,0,gamemodes,gamemodes,0.35,,104,,,wpn_h1_stickerfix_001,char_mp_patch_circlefix_001_col,#,0,,
patch,105,1,em_st_104,MENU_EMBLEM_CAPS,0,0,0,0,gamemodes,gamemodes,0.35,,105,,,wpn_h1_stickerfix_001,char_mp_patch_circlefix_001_col,#,0,,
patch,106,1,em_st_105,MENU_EMBLEM_CAPS,0,0,0,0,gamemodes,gamemodes,0.35,,106,,,wpn_h1_stickerfix_001,char_mp_patch_circlefix_001_col,#,0,,
patch,107,1,em_st_106,MENU_EMBLEM_CAPS,0,0,0,0,gamemodes,gamemodes,0.35,,107,,,wpn_h1_stickerfix_001,char_mp_patch_circlefix_001_col,#,0,,
patch,108,1,em_st_107,MENU_EMBLEM_CAPS,0,0,0,0,gamemodes,gamemodes,0.35,,108,,,wpn_h1_stickerfix_001,char_mp_patch_circlefix_001_col,#,0,,
patch,109,1,em_st_108,MENU_EMBLEM_CAPS,0,0,0,0,gamemodes,gamemodes,0.35,,109,,,wpn_h1_stickerfix_001,char_mp_patch_circlefix_001_col,#,0,,
patch,110,1,em_st_109,MENU_EMBLEM_CAPS,0,0,0,0,gamemodes,gamemodes,0.35,,110,,,wpn_h1_stickerfix_001,char_mp_patch_circlefix_001_col,#,0,,
patch,111,1,em_st_110,MENU_EMBLEM_CAPS,0,0,0,0,gamemodes,gamemodes,0.35,,111,,,wpn_h1_stickerfix_001,char_mp_patch_circlefix_001_col,#,0,,
patch,112,1,em_st_111,MENU_EMBLEM_CAPS,0,0,0,0,gamemodes,gamemodes,0.35,,112,,,wpn_h1_stickerfix_001,char_mp_patch_circlefix_001_col,#,0,,
patch,113,1,em_st_112,MENU_EMBLEM_CAPS,0,0,0,0,gamemodes,gamemodes,0.35,,113,,,wpn_h1_stickerfix_001,char_mp_patch_circlefix_001_col,#,0,,
patch,114,1,em_st_113,MENU_EMBLEM_CAPS,0,0,0,0,gamemodes,gamemodes,0.35,,114,,,wpn_h1_stickerfix_001,char_mp_patch_circlefix_001_col,#,0,,
patch,115,1,em_st_114,MENU_EMBLEM_CAPS,0,0,0,0,gamemodes,gamemodes,0.35,,115,,,wpn_h1_stickerfix_001,char_mp_patch_circlefix_001_col,#,0,,
patch,116,1,em_st_115,MENU_EMBLEM_CAPS,0,0,0,0,gamemodes,gamemodes,0.35,,116,,,wpn_h1_stickerfix_001,char_mp_patch_circlefix_001_col,#,0,,
patch,117,1,em_st_116,MENU_EMBLEM_CAPS,0,0,0,0,gamemodes,gamemodes,0.35,,117,,,wpn_h1_stickerfix_001,char_mp_patch_circlefix_001_col,#,0,,
patch,118,1,em_st_117,MENU_EMBLEM_CAPS,0,0,0,0,gamemodes,gamemodes,0.35,,118,,,wpn_h1_stickerfix_001,char_mp_patch_circlefix_001_col,#,0,,
patch,119,1,em_st_118,MENU_EMBLEM_CAPS,0,0,0,0,gamemodes,gamemodes,0.35,,119,,,wpn_h1_stickerfix_001,char_mp_patch_circlefix_001_col,#,0,,
patch,120,1,em_st_119,MENU_EMBLEM_CAPS,0,0,0,0,gamemodes,gamemodes,0.35,,120,,,wpn_h1_stickerfix_001,char_mp_patch_circlefix_001_col,#,0,,
patch,121,1,em_st_120,MENU_EMBLEM_CAPS,0,0,0,0,gamemodes,gamemodes,0.35,,121,,,wpn_h1_stickerfix_001,char_mp_patch_circlefix_001_col,#,0,,
patch,122,1,em_st_121,MENU_EMBLEM_CAPS,0,0,0,0,gamemodes,gamemodes,0.35,,122,,,wpn_h1_stickerfix_001,char_mp_patch_circlefix_001_col,#,0,,
patch,123,1,em_st_122,MENU_EMBLEM_CAPS,0,0,0,0,gamemodes,gamemodes,0.35,,123,,,wpn_h1_stickerfix_001,char_mp_patch_circlefix_001_col,#,0,,
patch,124,1,em_st_123,MENU_EMBLEM_CAPS,0,0,0,0,gamemodes,gamemodes,0.35,,124,,,wpn_h1_stickerfix_001,char_mp_patch_circlefix_001_col,#,0,,
patch,125,1,em_st_124,MENU_EMBLEM_CAPS,0,0,0,0,gamemodes,gamemodes,0.35,,125,,,wpn_h1_stickerfix_001,char_mp_patch_circlefix_001_col,#,0,,
patch,126,1,em_st_125,MENU_EMBLEM_CAPS,0,0,0,0,gamemodes,gamemodes,0.35,,126,,,wpn_h1_stickerfix_001,char_mp_patch_circlefix_001_col,#,0,,
patch,127,1,em_st_126,MENU_EMBLEM_CAPS,0,0,0,0,gamemodes,gamemodes,0.35,,127,,,wpn_h1_stickerfix_001,char_mp_patch_circlefix_001_col,#,0,,
patch,128,1,em_st_127,MENU_EMBLEM_CAPS,0,0,0,0,gamemodes,gamemodes,0.35,,128,,,wpn_h1_stickerfix_001,char_mp_patch_circlefix_001_col,#,0,,
patch,129,1,em_st_128,MENU_EMBLEM_CAPS,0,0,0,0,gamemodes,gamemodes,0.35,,129,,,wpn_h1_stickerfix_001,char_mp_patch_circlefix_001_col,#,0,,
patch,130,1,em_st_129,MENU_EMBLEM_CAPS,0,0,0,0,gamemodes,gamemodes,0.35,,130,,,wpn_h1_stickerfix_001,char_mp_patch_circlefix_001_col,#,0,,
patch,131,1,em_st_130,MENU_EMBLEM_CAPS,0,0,0,0,gamemodes,gamemodes,0.35,,131,,,wpn_h1_stickerfix_001,char_mp_patch_circlefix_001_col,#,0,,
patch,132,1,em_st_131,MENU_EMBLEM_CAPS,0,0,0,0,gamemodes,gamemodes,0.35,,132,,,wpn_h1_stickerfix_001,char_mp_patch_circlefix_001_col,#,0,,
patch,133,1,em_st_132,MENU_EMBLEM_CAPS,0,0,0,0,gamemodes,gamemodes,0.35,,133,,,wpn_h1_stickerfix_001,char_mp_patch_circlefix_001_col,#,0,,
patch,134,1,em_st_133,MENU_EMBLEM_CAPS,0,0,0,0,gamemodes,gamemodes,0.35,,134,,,wpn_h1_stickerfix_001,char_mp_patch_circlefix_001_col,#,0,,
patch,135,1,em_st_134,MENU_EMBLEM_CAPS,0,0,0,0,killer,killer,0.35,,135,,,wpn_h1_stickerfix_001,char_mp_patch_circlefix_001_col,#,0,,
patch,136,1,em_st_135,MENU_EMBLEM_CAPS,0,0,0,0,killer,killer,0.35,,136,,,wpn_h1_stickerfix_001,char_mp_patch_circlefix_001_col,#,0,,
patch,137,1,em_st_136,MENU_EMBLEM_CAPS,0,0,0,0,killer,killer,0.35,,137,,,wpn_h1_stickerfix_001,char_mp_patch_circlefix_001_col,#,0,,
patch,138,1,em_st_137,MENU_EMBLEM_CAPS,0,0,0,0,killer,killer,0.35,,138,,,wpn_h1_stickerfix_001,char_mp_patch_circlefix_001_col,#,0,,
patch,139,1,em_st_138,MENU_EMBLEM_CAPS,0,0,0,0,killer,killer,0.35,,139,,,wpn_h1_stickerfix_001,char_mp_patch_circlefix_001_col,#,0,,
patch,140,1,em_st_139,MENU_EMBLEM_CAPS,0,0,0,0,killer,killer,0.35,,140,,,wpn_h1_stickerfix_001,char_mp_patch_circlefix_001_col,#,0,,
patch,141,1,em_st_140,MENU_EMBLEM_CAPS,0,0,0,0,killer,killer,0.35,,141,,,wpn_h1_stickerfix_001,char_mp_patch_circlefix_001_col,#,0,,
patch,142,1,em_st_141,MENU_EMBLEM_CAPS,0,0,0,0,killer,killer,0.35,,142,,,wpn_h1_stickerfix_001,char_mp_patch_circlefix_001_col,#,0,,
patch,143,1,em_st_142,MENU_EMBLEM_CAPS,0,0,0,0,killer,killer,0.35,,143,,,wpn_h1_stickerfix_001,char_mp_patch_circlefix_001_col,#,0,,
patch,144,1,em_st_143,MENU_EMBLEM_CAPS,0,0,0,0,killer,killer,0.35,,144,,,wpn_h1_stickerfix_001,char_mp_patch_circlefix_001_col,#,0,,
patch,145,1,em_st_144,MENU_EMBLEM_CAPS,0,0,0,0,killer,killer,0.35,,145,,,wpn_h1_stickerfix_001,char_mp_patch_circlefix_001_col,#,0,,
patch,146,1,em_st_145,MENU_EMBLEM_CAPS,0,0,0,0,killer,killer,0.35,,146,,,wpn_h1_stickerfix_001,char_mp_patch_circlefix_001_col,#,0,,
patch,147,1,em_st_146,MENU_EMBLEM_CAPS,0,0,0,0,killer,killer,0.35,,147,,,wpn_h1_stickerfix_001,char_mp_patch_circlefix_001_col,#,0,,
patch,148,1,em_st_147,MENU_EMBLEM_CAPS,0,0,0,0,killer,killer,0.35,,148,,,wpn_h1_stickerfix_001,char_mp_patch_circlefix_001_col,#,0,,
patch,149,1,em_st_148,MENU_EMBLEM_CAPS,0,0,0,0,killer,killer,0.35,,149,,,wpn_h1_stickerfix_001,char_mp_patch_circlefix_001_col,#,0,,
patch,150,1,em_st_149,MENU_EMBLEM_CAPS,0,0,0,0,killer,killer,0.35,,150,,,wpn_h1_stickerfix_001,char_mp_patch_circlefix_001_col,#,0,,
patch,151,1,em_st_150,MENU_EMBLEM_CAPS,0,0,0,0,killer,killer,0.35,,151,,,wpn_h1_stickerfix_001,char_mp_patch_circlefix_001_col,#,0,,
patch,152,1,em_st_151,MENU_EMBLEM_CAPS,0,0,0,0,killer,killer,0.35,,152,,,wpn_h1_stickerfix_001,char_mp_patch_circlefix_001_col,#,0,,
patch,153,1,em_st_152,MENU_EMBLEM_CAPS,0,0,0,0,killer,killer,0.35,,153,,,wpn_h1_stickerfix_001,char_mp_patch_circlefix_001_col,#,0,,
patch,154,1,em_st_153,MENU_EMBLEM_CAPS,0,0,0,0,killer,killer,0.35,,154,,,wpn_h1_stickerfix_001,char_mp_patch_circlefix_001_col,#,0,,
patch,155,1,em_st_154,MENU_EMBLEM_CAPS,0,0,0,0,killer,killer,0.35,,155,,,wpn_h1_stickerfix_001,char_mp_patch_circlefix_001_col,#,0,,
patch,156,1,em_st_155,MENU_EMBLEM_CAPS,0,0,0,0,killer,killer,0.35,,156,,,wpn_h1_stickerfix_001,char_mp_patch_circlefix_001_col,#,0,,
patch,157,1,em_st_156,MENU_EMBLEM_CAPS,0,0,0,0,killer,killer,0.35,,157,,,wpn_h1_stickerfix_001,char_mp_patch_circlefix_001_col,#,0,,
patch,158,1,em_st_157,MENU_EMBLEM_CAPS,0,0,0,0,killer,killer,0.35,,158,,,wpn_h1_stickerfix_001,char_mp_patch_circlefix_001_col,#,0,,
patch,159,1,em_st_158,MENU_EMBLEM_CAPS,0,0,0,0,killer,killer,0.35,,159,,,wpn_h1_stickerfix_001,char_mp_patch_circlefix_001_col,#,0,,
patch,160,1,em_st_159,MENU_EMBLEM_CAPS,0,0,0,0,killer,killer,0.35,,160,,,wpn_h1_stickerfix_001,char_mp_patch_circlefix_001_col,#,0,,
patch,161,1,em_st_160,MENU_EMBLEM_CAPS,0,0,0,0,killer,killer,0.35,,161,,,wpn_h1_stickerfix_001,char_mp_patch_circlefix_001_col,#,0,,
patch,162,1,em_st_161,MENU_EMBLEM_CAPS,0,0,0,0,killer,killer,0.35,,162,,,wpn_h1_stickerfix_001,char_mp_patch_circlefix_001_col,#,0,,
patch,163,1,em_st_162,MENU_EMBLEM_CAPS,0,0,0,0,killer,killer,0.35,,163,,,wpn_h1_stickerfix_001,char_mp_patch_circlefix_001_col,#,0,,
patch,164,1,em_st_163,MENU_EMBLEM_CAPS,0,0,0,0,killer,killer,0.35,,164,,,wpn_h1_stickerfix_001,char_mp_patch_circlefix_001_col,#,0,,
patch,165,1,em_st_164,MENU_EMBLEM_CAPS,0,0,0,0,killer,killer,0.35,,165,,,wpn_h1_stickerfix_001,char_mp_patch_circlefix_001_col,#,0,,
patch,166,1,em_st_165,MENU_EMBLEM_CAPS,0,0,0,0,killer,killer,0.35,,166,,,wpn_h1_stickerfix_001,char_mp_patch_circlefix_001_col,#,0,,
patch,167,1,em_st_166,MENU_EMBLEM_CAPS,0,0,0,0,killer,killer,0.35,,167,,,wpn_h1_stickerfix_001,char_mp_patch_circlefix_001_col,#,0,,
patch,168,1,em_st_167,MENU_EMBLEM_CAPS,0,0,0,0,killer,killer,0.35,,168,,,wpn_h1_stickerfix_001,char_mp_patch_circlefix_001_col,#,0,,
patch,169,1,em_st_168,MENU_EMBLEM_CAPS,0,0,0,0,killer,killer,0.35,,169,,,wpn_h1_stickerfix_001,char_mp_patch_circlefix_001_col,#,0,,
patch,170,1,em_st_169,MENU_EMBLEM_CAPS,0,0,0,0,killer,killer,0.35,,170,,,wpn_h1_stickerfix_001,char_mp_patch_circlefix_001_col,#,0,,
patch,171,1,em_st_170,MENU_EMBLEM_CAPS,0,0,0,0,killer,killer,0.35,,171,,,wpn_h1_stickerfix_001,char_mp_patch_circlefix_001_col,#,0,,
patch,172,1,em_st_171,MENU_EMBLEM_CAPS,0,0,0,0,killer,killer,0.35,,172,,,wpn_h1_stickerfix_001,char_mp_patch_circlefix_001_col,#,0,,
patch,173,1,em_st_172,MENU_EMBLEM_CAPS,0,0,0,0,killer,killer,0.35,,173,,,wpn_h1_stickerfix_001,char_mp_patch_circlefix_001_col,#,0,,
patch,174,1,em_st_173,MENU_EMBLEM_CAPS,0,0,0,0,killer,killer,0.35,,174,,,wpn_h1_stickerfix_001,char_mp_patch_circlefix_001_col,#,0,,
patch,175,1,em_st_174,MENU_EMBLEM_CAPS,0,0,0,0,killer,killer,0.35,,175,,,wpn_h1_stickerfix_001,char_mp_patch_circlefix_001_col,#,0,,
patch,176,1,em_st_175,MENU_EMBLEM_CAPS,0,0,0,0,killer,killer,0.35,,176,,,wpn_h1_stickerfix_001,char_mp_patch_circlefix_001_col,#,0,,
patch,177,1,em_st_176,MENU_EMBLEM_CAPS,0,0,0,0,killer,killer,0.35,,177,,,wpn_h1_stickerfix_001,char_mp_patch_circlefix_001_col,#,0,,
patch,178,1,em_st_177,MENU_EMBLEM_CAPS,0,0,0,0,killer,killer,0.35,,178,,,wpn_h1_stickerfix_001,char_mp_patch_circlefix_001_col,#,0,,
patch,179,1,em_st_178,MENU_EMBLEM_CAPS,0,0,0,0,killer,killer,0.35,,179,,,wpn_h1_stickerfix_001,char_mp_patch_circlefix_001_col,#,0,,
patch,180,1,em_st_179,MENU_EMBLEM_CAPS,0,0,0,0,humiliation,humiliation,0.35,,180,,,wpn_h1_stickerfix_001,char_mp_patch_circlefix_001_col,#,0,,
patch,181,1,em_st_180,MENU_EMBLEM_CAPS,0,0,10,0,humiliation,humiliation,0.35,,181,,,wpn_h1_stickerfix_001,char_mp_patch_circlefix_001_col,#,0,,
patch,182,1,em_st_181,MENU_EMBLEM_CAPS,0,0,1,0,humiliation,humiliation,0.35,,182,,,wpn_h1_stickerfix_001,char_mp_patch_circlefix_001_col,#,0,,
patch,183,1,em_st_182,MENU_EMBLEM_CAPS,0,0,2,0,humiliation,humiliation,0.35,,183,,,wpn_h1_stickerfix_001,char_mp_patch_circlefix_001_col,#,0,,
patch,184,1,em_st_183,MENU_EMBLEM_CAPS,0,0,3,0,humiliation,humiliation,0.35,,184,,,wpn_h1_stickerfix_001,char_mp_patch_circlefix_001_col,#,0,,
patch,185,1,em_st_184,MENU_EMBLEM_CAPS,0,0,4,0,humiliation,humiliation,0.35,,185,,,wpn_h1_stickerfix_001,char_mp_patch_circlefix_001_col,#,0,,
patch,186,1,em_st_185,MENU_EMBLEM_CAPS,0,0,5,0,humiliation,humiliation,0.35,,186,,,wpn_h1_stickerfix_001,char_mp_patch_circlefix_001_col,#,0,,
patch,187,1,em_st_186,MENU_EMBLEM_CAPS,0,0,6,0,humiliation,humiliation,0.35,,187,,,wpn_h1_stickerfix_001,char_mp_patch_circlefix_001_col,#,0,,
patch,188,1,em_st_187,MENU_EMBLEM_CAPS,0,0,7,0,humiliation,humiliation,0.35,,188,,,wpn_h1_stickerfix_001,char_mp_patch_circlefix_001_col,#,0,,
patch,189,1,em_st_188,MENU_EMBLEM_CAPS,0,0,8,0,humiliation,humiliation,0.35,,189,,,wpn_h1_stickerfix_001,char_mp_patch_circlefix_001_col,#,0,,
patch,190,1,em_st_189,MENU_EMBLEM_CAPS,0,0,9,0,humiliation,humiliation,0.35,,190,,,wpn_h1_stickerfix_001,char_mp_patch_circlefix_001_col,#,0,,
patch,191,1,em_st_190,MENU_EMBLEM_CAPS,0,0,10,0,humiliation,humiliation,0.35,,191,,,wpn_h1_stickerfix_001,char_mp_patch_circlefix_001_col,#,0,,
patch,192,1,em_st_191,MENU_EMBLEM_CAPS,0,0,0,0,humiliation,humiliation,0.35,,192,,,wpn_h1_stickerfix_001,char_mp_patch_circlefix_001_col,#,0,,
patch,193,1,em_st_192,MENU_EMBLEM_CAPS,0,0,0,0,humiliation,humiliation,0.35,,193,,,wpn_h1_stickerfix_001,char_mp_patch_circlefix_001_col,#,0,,
patch,194,1,em_st_193,MENU_EMBLEM_CAPS,0,0,0,0,humiliation,humiliation,0.35,,194,,,wpn_h1_stickerfix_001,char_mp_patch_circlefix_001_col,#,0,,
patch,195,1,em_st_194,MENU_EMBLEM_CAPS,0,0,0,0,humiliation,humiliation,0.35,,195,,,wpn_h1_stickerfix_001,char_mp_patch_circlefix_001_col,#,0,,
patch,196,1,em_st_195,MENU_EMBLEM_CAPS,0,0,0,0,humiliation,humiliation,0.35,,196,,,wpn_h1_stickerfix_001,char_mp_patch_circlefix_001_col,#,0,,
patch,197,1,em_st_196,MENU_EMBLEM_CAPS,0,0,0,0,humiliation,humiliation,0.35,,197,,,wpn_h1_stickerfix_001,char_mp_patch_circlefix_001_col,#,0,,
patch,198,1,em_st_197,MENU_EMBLEM_CAPS,0,0,0,0,humiliation,humiliation,0.35,,198,,,wpn_h1_stickerfix_001,char_mp_patch_circlefix_001_col,#,0,,
patch,199,1,em_st_198,MENU_EMBLEM_CAPS,0,0,0,0,humiliation,humiliation,0.35,,199,,,wpn_h1_stickerfix_001,char_mp_patch_circlefix_001_col,#,0,,
patch,200,1,em_st_199,MENU_EMBLEM_CAPS,0,0,0,0,humiliation,humiliation,0.35,,200,,,wpn_h1_stickerfix_001,char_mp_patch_circlefix_001_col,#,0,,
patch,201,1,em_st_200,MENU_EMBLEM_CAPS,0,0,0,0,humiliation,humiliation,0.35,,201,,,wpn_h1_stickerfix_001,char_mp_patch_circlefix_001_col,#,0,,
patch,202,1,em_st_201,MENU_EMBLEM_CAPS,0,0,0,0,humiliation,humiliation,0.35,,202,,,wpn_h1_stickerfix_001,char_mp_patch_circlefix_001_col,#,0,,
patch,203,1,em_st_202,MENU_EMBLEM_CAPS,0,0,0,0,humiliation,humiliation,0.35,,203,,,wpn_h1_stickerfix_001,char_mp_patch_circlefix_001_col,#,0,,
patch,204,1,em_st_203,MENU_EMBLEM_CAPS,0,0,0,0,humiliation,humiliation,0.35,,204,,,wpn_h1_stickerfix_001,char_mp_patch_circlefix_001_col,#,0,,
patch,205,1,em_st_204,MENU_EMBLEM_CAPS,0,0,0,0,humiliation,humiliation,0.35,,205,,,wpn_h1_stickerfix_001,char_mp_patch_circlefix_001_col,#,0,,
patch,206,1,em_st_205,MENU_EMBLEM_CAPS,0,0,0,0,humiliation,humiliation,0.35,,206,,,wpn_h1_stickerfix_001,char_mp_patch_circlefix_001_col,#,0,,
patch,207,1,em_st_206,MENU_EMBLEM_CAPS,0,0,0,0,humiliation,humiliation,0.35,,207,,,wpn_h1_stickerfix_001,char_mp_patch_circlefix_001_col,#,0,,
patch,208,1,em_st_207,MENU_EMBLEM_CAPS,0,0,0,0,humiliation,humiliation,0.35,,208,,,wpn_h1_stickerfix_001,char_mp_patch_circlefix_001_col,#,0,,
patch,209,1,em_st_208,MENU_EMBLEM_CAPS,0,0,0,0,humiliation,humiliation,0.35,,209,,,wpn_h1_stickerfix_001,char_mp_patch_circlefix_001_col,#,0,,
patch,210,1,em_st_209,MENU_EMBLEM_CAPS,0,0,0,0,humiliation,humiliation,0.35,,210,,,wpn_h1_stickerfix_001,char_mp_patch_circlefix_001_col,#,0,,
patch,211,1,em_st_210,MENU_EMBLEM_CAPS,0,0,0,0,humiliation,humiliation,0.35,,211,,,wpn_h1_stickerfix_001,char_mp_patch_circlefix_001_col,#,0,,
patch,212,1,em_st_211,MENU_EMBLEM_CAPS,0,0,0,0,humiliation,humiliation,0.35,,212,,,wpn_h1_stickerfix_001,char_mp_patch_circlefix_001_col,#,0,,
patch,213,1,em_st_212,MENU_EMBLEM_CAPS,0,0,0,0,humiliation,humiliation,0.35,,213,,,wpn_h1_stickerfix_001,char_mp_patch_circlefix_001_col,#,0,,
patch,214,1,em_st_213,MENU_EMBLEM_CAPS,0,0,0,0,humiliation,humiliation,0.35,,214,,,wpn_h1_stickerfix_001,char_mp_patch_circlefix_001_col,#,0,,
patch,215,1,em_st_214,MENU_EMBLEM_CAPS,0,0,0,0,humiliation,humiliation,0.35,,215,,,wpn_h1_stickerfix_001,char_mp_patch_circlefix_001_col,#,0,,
patch,216,1,em_st_215,MENU_EMBLEM_CAPS,0,0,0,0,humiliation,humiliation,0.35,,216,,,wpn_h1_stickerfix_001,char_mp_patch_circlefix_001_col,#,0,,
patch,217,1,em_st_216,MENU_EMBLEM_CAPS,0,0,0,0,humiliation,humiliation,0.35,,217,,,wpn_h1_stickerfix_001,char_mp_patch_circlefix_001_col,#,0,,
patch,218,1,em_st_217,MENU_EMBLEM_CAPS,0,0,0,0,humiliation,humiliation,0.35,,218,,,wpn_h1_stickerfix_001,char_mp_patch_circlefix_001_col,#,0,,
patch,219,1,em_st_218,MENU_EMBLEM_CAPS,0,0,0,0,humiliation,humiliation,0.35,,219,,,wpn_h1_stickerfix_001,char_mp_patch_circlefix_001_col,#,0,,
patch,220,1,em_st_219,MENU_EMBLEM_CAPS,0,0,0,0,humiliation,humiliation,0.35,,220,,,wpn_h1_stickerfix_001,char_mp_patch_circlefix_001_col,#,0,,
patch,221,1,em_st_220,MENU_EMBLEM_CAPS,0,0,0,0,humiliation,humiliation,0.35,,221,,,wpn_h1_stickerfix_001,char_mp_patch_circlefix_001_col,#,0,,
patch,222,1,em_st_221,MENU_EMBLEM_CAPS,0,0,0,0,humiliation,humiliation,0.35,,222,,,wpn_h1_stickerfix_001,char_mp_patch_circlefix_001_col,#,0,,
patch,223,1,em_st_222,MENU_EMBLEM_CAPS,0,0,0,0,humiliation,humiliation,0.35,,223,,,wpn_h1_stickerfix_001,char_mp_patch_circlefix_001_col,#,0,,
patch,224,1,em_st_223,MENU_EMBLEM_CAPS,0,0,0,0,humiliation,humiliation,0.35,,224,,,wpn_h1_stickerfix_001,char_mp_patch_circlefix_001_col,#,0,,
patch,225,1,em_st_224,MENU_EMBLEM_CAPS,0,0,0,0,perks,perks,0.35,,226,,,wpn_h1_stickerfix_001,char_mp_patch_circlefix_001_col,#,0,,
patch,226,1,em_st_225,MENU_EMBLEM_CAPS,0,0,0,0,perks,perks,0.35,,227,,,wpn_h1_stickerfix_001,char_mp_patch_circlefix_001_col,#,0,,
patch,227,1,em_st_226,MENU_EMBLEM_CAPS,0,0,0,0,perks,perks,0.35,,228,,,wpn_h1_stickerfix_001,char_mp_patch_circlefix_001_col,#,0,,
patch,228,1,em_st_227,MENU_EMBLEM_CAPS,0,0,0,0,perks,perks,0.35,,229,,,wpn_h1_stickerfix_001,char_mp_patch_circlefix_001_col,#,0,,
patch,229,1,em_st_228,MENU_EMBLEM_CAPS,0,0,0,0,perks,perks,0.35,,230,,,wpn_h1_stickerfix_001,char_mp_patch_circlefix_001_col,#,0,,
patch,230,1,em_st_239,MENU_EMBLEM_CAPS,0,0,0,0,perks,perks,0.35,,231,,,wpn_h1_stickerfix_001,char_mp_patch_circlefix_001_col,#,0,,
patch,231,1,em_st_230,MENU_EMBLEM_CAPS,0,0,0,0,perks,perks,0.35,,232,,,wpn_h1_stickerfix_001,char_mp_patch_circlefix_001_col,#,0,,
patch,232,1,em_st_231,MENU_EMBLEM_CAPS,0,0,0,0,perks,perks,0.35,,233,,,wpn_h1_stickerfix_001,char_mp_patch_circlefix_001_col,#,0,,
patch,233,1,em_st_232,MENU_EMBLEM_CAPS,0,0,0,0,perks,perks,0.35,,234,,,wpn_h1_stickerfix_001,char_mp_patch_circlefix_001_col,#,0,,
patch,234,1,em_st_233,MENU_EMBLEM_CAPS,0,0,0,0,perks,perks,0.35,,235,,,wpn_h1_stickerfix_001,char_mp_patch_circlefix_001_col,#,0,,
patch,235,1,em_st_234,MENU_EMBLEM_CAPS,0,0,0,0,perks,perks,0.35,,236,,,wpn_h1_stickerfix_001,char_mp_patch_circlefix_001_col,#,0,,
patch,236,1,em_st_235,MENU_EMBLEM_CAPS,0,0,0,0,perks,perks,0.35,,237,,,wpn_h1_stickerfix_001,char_mp_patch_circlefix_001_col,#,0,,
patch,237,1,em_st_236,MENU_EMBLEM_CAPS,0,0,0,0,perks,perks,0.35,,238,,,wpn_h1_stickerfix_001,char_mp_patch_circlefix_001_col,#,0,,
patch,238,1,em_st_237,MENU_EMBLEM_CAPS,0,0,0,0,perks,perks,0.35,,239,,,wpn_h1_stickerfix_001,char_mp_patch_circlefix_001_col,#,0,,
patch,239,1,em_st_238,MENU_EMBLEM_CAPS,0,0,0,0,perks,perks,0.35,,240,,,wpn_h1_stickerfix_001,char_mp_patch_circlefix_001_col,#,0,,
patch,240,1,em_st_239,MENU_EMBLEM_CAPS,0,0,0,0,perks,perks,0.35,,241,,,wpn_h1_stickerfix_001,char_mp_patch_circlefix_001_col,#,0,,
patch,241,1,em_st_240,MENU_EMBLEM_CAPS,0,0,0,0,perks,perks,0.35,,242,,,wpn_h1_stickerfix_001,char_mp_patch_circlefix_001_col,#,0,,
patch,242,1,em_st_241,MENU_EMBLEM_CAPS,0,0,0,0,perks,perks,0.35,,243,,,wpn_h1_stickerfix_001,char_mp_patch_circlefix_001_col,#,0,,
patch,243,1,em_st_242,MENU_EMBLEM_CAPS,0,0,0,0,perks,perks,0.35,,244,,,wpn_h1_stickerfix_001,char_mp_patch_circlefix_001_col,#,0,,
patch,244,1,em_st_243,MENU_EMBLEM_CAPS,0,0,0,0,perks,perks,0.35,,245,,,wpn_h1_stickerfix_001,char_mp_patch_circlefix_001_col,#,0,,
patch,245,1,em_st_244,MENU_EMBLEM_CAPS,0,0,0,0,perks,perks,0.35,,246,,,wpn_h1_stickerfix_001,char_mp_patch_circlefix_001_col,#,0,,
patch,246,1,em_st_245,MENU_EMBLEM_CAPS,0,0,0,0,perks,perks,0.35,,247,,,wpn_h1_stickerfix_001,char_mp_patch_circlefix_001_col,#,0,,
patch,247,1,em_st_246,MENU_EMBLEM_CAPS,0,0,0,0,perks,perks,0.35,,248,,,wpn_h1_stickerfix_001,char_mp_patch_circlefix_001_col,#,0,,
patch,248,1,em_st_247,MENU_EMBLEM_CAPS,0,0,0,0,perks,perks,0.35,,249,,,wpn_h1_stickerfix_001,char_mp_patch_circlefix_001_col,#,0,,
patch,249,1,em_st_248,MENU_EMBLEM_CAPS,0,0,0,0,perks,perks,0.35,,250,,,wpn_h1_stickerfix_001,char_mp_patch_circlefix_001_col,#,0,,
patch,250,1,em_st_249,MENU_EMBLEM_CAPS,0,0,0,0,perks,perks,0.35,,251,,,wpn_h1_stickerfix_001,char_mp_patch_circlefix_001_col,#,0,,
patch,251,1,em_st_250,MENU_EMBLEM_CAPS,0,0,0,0,perks,perks,0.35,,252,,,wpn_h1_stickerfix_001,char_mp_patch_circlefix_001_col,#,0,,
patch,252,1,em_st_251,MENU_EMBLEM_CAPS,0,0,0,0,perks,perks,0.35,,253,,,wpn_h1_stickerfix_001,char_mp_patch_circlefix_001_col,#,0,,
patch,253,1,em_st_252,MENU_EMBLEM_CAPS,0,0,0,0,perks,perks,0.35,,254,,,wpn_h1_stickerfix_001,char_mp_patch_circlefix_001_col,#,0,,
patch,254,1,em_st_253,MENU_EMBLEM_CAPS,0,0,0,0,perks,perks,0.35,,255,,,wpn_h1_stickerfix_001,char_mp_patch_circlefix_001_col,#,0,,
patch,255,1,em_st_254,MENU_EMBLEM_CAPS,0,0,0,0,perks,perks,0.35,,256,,,wpn_h1_stickerfix_001,char_mp_patch_circlefix_001_col,#,0,,
patch,256,1,em_st_255,MENU_EMBLEM_CAPS,0,0,0,0,perks,perks,0.35,,257,,,wpn_h1_stickerfix_001,char_mp_patch_circlefix_001_col,#,0,,
patch,257,1,em_st_256,MENU_EMBLEM_CAPS,0,0,0,0,perks,perks,0.35,,258,,,wpn_h1_stickerfix_001,char_mp_patch_circlefix_001_col,#,0,,
patch,258,1,em_st_257,MENU_EMBLEM_CAPS,0,0,0,0,perks,perks,0.35,,259,,,wpn_h1_stickerfix_001,char_mp_patch_circlefix_001_col,#,0,,
patch,259,1,em_st_258,MENU_EMBLEM_CAPS,0,0,0,0,perks,perks,0.35,,260,,,wpn_h1_stickerfix_001,char_mp_patch_circlefix_001_col,#,0,,
patch,260,1,em_st_259,MENU_EMBLEM_CAPS,0,0,0,0,perks,perks,0.35,,261,,,wpn_h1_stickerfix_001,char_mp_patch_circlefix_001_col,#,0,,
patch,261,1,em_st_260,MENU_EMBLEM_CAPS,0,0,0,0,perks,perks,0.35,,262,,,wpn_h1_stickerfix_001,char_mp_patch_circlefix_001_col,#,0,,
patch,262,1,em_st_261,MENU_EMBLEM_CAPS,0,0,0,0,perks,perks,0.35,,263,,,wpn_h1_stickerfix_001,char_mp_patch_circlefix_001_col,#,0,,
patch,263,1,em_st_262,MENU_EMBLEM_CAPS,0,0,0,0,perks,perks,0.35,,264,,,wpn_h1_stickerfix_001,char_mp_patch_circlefix_001_col,#,0,,
patch,264,1,em_st_263,MENU_EMBLEM_CAPS,0,0,0,0,perks,perks,0.35,,265,,,wpn_h1_stickerfix_001,char_mp_patch_circlefix_001_col,#,0,,
patch,265,1,em_st_264,MENU_EMBLEM_CAPS,0,0,0,0,perks,perks,0.35,,266,,,wpn_h1_stickerfix_001,char_mp_patch_circlefix_001_col,#,0,,
patch,266,1,em_st_265,MENU_EMBLEM_CAPS,0,0,0,0,perks,perks,0.35,,267,,,wpn_h1_stickerfix_001,char_mp_patch_circlefix_001_col,#,0,,
patch,267,1,em_st_266,MENU_EMBLEM_CAPS,0,0,0,0,perks,perks,0.35,,268,,,wpn_h1_stickerfix_001,char_mp_patch_circlefix_001_col,#,0,,
patch,268,1,em_st_267,MENU_EMBLEM_CAPS,0,0,0,0,perks,perks,0.35,,269,,,wpn_h1_stickerfix_001,char_mp_patch_circlefix_001_col,#,0,,
patch,269,1,em_st_268,MENU_EMBLEM_CAPS,0,0,0,0,valor,valor,0.35,,270,,,wpn_h1_stickerfix_001,char_mp_patch_circlefix_001_col,#,0,,
patch,270,1,em_st_269,MENU_EMBLEM_CAPS,0,0,0,0,valor,valor,0.35,,271,,,wpn_h1_stickerfix_001,char_mp_patch_circlefix_001_col,#,0,,
patch,271,1,em_st_270,MENU_EMBLEM_CAPS,0,0,0,0,valor,valor,0.35,,272,,,wpn_h1_stickerfix_001,char_mp_patch_circlefix_001_col,#,0,,
patch,272,1,em_st_271,MENU_EMBLEM_CAPS,0,0,0,0,valor,valor,0.35,,273,,,wpn_h1_stickerfix_001,char_mp_patch_circlefix_001_col,#,0,,
patch,273,1,em_st_272,MENU_EMBLEM_CAPS,0,0,0,0,valor,valor,0.35,,274,,,wpn_h1_stickerfix_001,char_mp_patch_circlefix_001_col,#,0,,
patch,274,1,em_st_273,MENU_EMBLEM_CAPS,0,0,0,0,valor,valor,0.35,,275,,,wpn_h1_stickerfix_001,char_mp_patch_circlefix_001_col,#,0,,
patch,275,1,em_st_274,MENU_EMBLEM_CAPS,0,0,0,0,valor,valor,0.35,,276,,,wpn_h1_stickerfix_001,char_mp_patch_circlefix_001_col,#,0,,
patch,276,1,em_st_275,MENU_EMBLEM_CAPS,0,0,0,0,valor,valor,0.35,,277,,,wpn_h1_stickerfix_001,char_mp_patch_circlefix_001_col,#,0,,
patch,277,1,em_st_276,MENU_EMBLEM_CAPS,0,0,0,0,valor,valor,0.35,,278,,,wpn_h1_stickerfix_001,char_mp_patch_circlefix_001_col,#,0,,
patch,278,1,em_st_277,MENU_EMBLEM_CAPS,0,0,0,0,valor,valor,0.35,,279,,,wpn_h1_stickerfix_001,char_mp_patch_circlefix_001_col,#,0,,
patch,279,1,em_st_278,MENU_EMBLEM_CAPS,0,0,0,0,valor,valor,0.35,,280,,,wpn_h1_stickerfix_001,char_mp_patch_circlefix_001_col,#,0,,
patch,280,1,em_st_279,MENU_EMBLEM_CAPS,0,0,0,0,valor,valor,0.35,,281,,,wpn_h1_stickerfix_001,char_mp_patch_circlefix_001_col,#,0,,
patch,281,1,em_st_280,MENU_EMBLEM_CAPS,0,0,0,0,valor,valor,0.35,,282,,,wpn_h1_stickerfix_001,char_mp_patch_circlefix_001_col,#,0,,
patch,282,1,em_st_281,MENU_EMBLEM_CAPS,0,0,0,0,valor,valor,0.35,,283,,,wpn_h1_stickerfix_001,char_mp_patch_circlefix_001_col,#,0,,
patch,283,1,em_st_282,MENU_EMBLEM_CAPS,0,0,0,0,valor,valor,0.35,,284,,,wpn_h1_stickerfix_001,char_mp_patch_circlefix_001_col,#,0,,
patch,284,1,em_st_283,MENU_EMBLEM_CAPS,0,0,0,0,valor,valor,0.35,,285,,,wpn_h1_stickerfix_001,char_mp_patch_circlefix_001_col,#,0,,
patch,285,1,em_st_284,MENU_EMBLEM_CAPS,0,0,0,0,valor,valor,0.35,,286,,,wpn_h1_stickerfix_001,char_mp_patch_circlefix_001_col,#,0,,
patch,286,1,em_st_285,MENU_EMBLEM_CAPS,0,0,0,0,valor,valor,0.35,,287,,,wpn_h1_stickerfix_001,char_mp_patch_circlefix_001_col,#,0,,
patch,287,1,em_st_286,MENU_EMBLEM_CAPS,0,0,0,0,valor,valor,0.35,,288,,,wpn_h1_stickerfix_001,char_mp_patch_circlefix_001_col,#,0,,
patch,288,1,em_st_287,MENU_EMBLEM_CAPS,0,0,0,0,valor,valor,0.35,,289,,,wpn_h1_stickerfix_001,char_mp_patch_circlefix_001_col,#,0,,
patch,289,1,em_st_288,MENU_EMBLEM_CAPS,0,0,0,0,valor,valor,0.35,,290,,,wpn_h1_stickerfix_001,char_mp_patch_circlefix_001_col,#,0,,
patch,290,1,em_st_289,MENU_EMBLEM_CAPS,0,0,0,0,valor,valor,0.35,,291,,,wpn_h1_stickerfix_001,char_mp_patch_circlefix_001_col,#,0,,
patch,291,1,em_st_290,MENU_EMBLEM_CAPS,0,0,0,0,valor,valor,0.35,,292,,,wpn_h1_stickerfix_001,char_mp_patch_circlefix_001_col,#,0,,
patch,292,1,em_st_291,MENU_EMBLEM_CAPS,0,0,0,0,valor,valor,0.35,,293,,,wpn_h1_stickerfix_001,char_mp_patch_circlefix_001_col,#,0,,
patch,293,1,em_st_292,MENU_EMBLEM_CAPS,0,0,0,0,valor,valor,0.35,,294,,,wpn_h1_stickerfix_001,char_mp_patch_circlefix_001_col,#,0,,
patch,294,1,em_st_293,MENU_EMBLEM_CAPS,0,0,0,0,valor,valor,0.35,,295,,,wpn_h1_stickerfix_001,char_mp_patch_circlefix_001_col,#,0,,
patch,295,1,em_st_294,MENU_EMBLEM_CAPS,0,0,0,0,valor,valor,0.35,,296,,,wpn_h1_stickerfix_001,char_mp_patch_circlefix_001_col,#,0,,
patch,296,1,em_st_295,MENU_EMBLEM_CAPS,0,0,0,0,valor,valor,0.35,,297,,,wpn_h1_stickerfix_001,char_mp_patch_circlefix_001_col,#,0,,
patch,297,1,em_st_296,MENU_EMBLEM_CAPS,0,0,0,0,valor,valor,0.35,,298,,,wpn_h1_stickerfix_001,char_mp_patch_circlefix_001_col,#,0,,
patch,298,1,em_st_297,MENU_EMBLEM_CAPS,0,0,0,0,valor,valor,0.35,,299,,,wpn_h1_stickerfix_001,char_mp_patch_circlefix_001_col,#,0,,
patch,299,1,em_st_298,MENU_EMBLEM_CAPS,0,0,0,0,valor,valor,0.35,,300,,,wpn_h1_stickerfix_001,char_mp_patch_circlefix_001_col,#,0,,
patch,300,1,em_st_299,MENU_EMBLEM_CAPS,0,0,0,0,valor,valor,0.35,,301,,,wpn_h1_stickerfix_001,char_mp_patch_circlefix_001_col,#,0,,
patch,301,1,em_st_300,MENU_EMBLEM_CAPS,0,0,0,0,valor,valor,0.35,,302,,,wpn_h1_stickerfix_001,char_mp_patch_circlefix_001_col,#,0,,
patch,302,1,em_st_301,MENU_EMBLEM_CAPS,0,0,0,0,valor,valor,0.35,,303,,,wpn_h1_stickerfix_001,char_mp_patch_circlefix_001_col,#,0,,
patch,303,1,em_st_302,MENU_EMBLEM_CAPS,0,0,0,0,valor,valor,0.35,,304,,,wpn_h1_stickerfix_001,char_mp_patch_circlefix_001_col,#,0,,
patch,304,1,em_st_303,MENU_EMBLEM_CAPS,0,0,0,0,valor,valor,0.35,,305,,,wpn_h1_stickerfix_001,char_mp_patch_circlefix_001_col,#,0,,
patch,305,1,em_st_304,MENU_EMBLEM_CAPS,0,0,0,0,valor,valor,0.35,,306,,,wpn_h1_stickerfix_001,char_mp_patch_circlefix_001_col,#,0,,
patch,306,1,em_st_305,MENU_EMBLEM_CAPS,0,0,0,0,valor,valor,0.35,,307,,,wpn_h1_stickerfix_001,char_mp_patch_circlefix_001_col,#,0,,
patch,307,1,em_st_306,MENU_EMBLEM_CAPS,0,0,0,0,valor,valor,0.35,,308,,,wpn_h1_stickerfix_001,char_mp_patch_circlefix_001_col,#,0,,
patch,308,1,em_st_307,MENU_EMBLEM_CAPS,0,0,0,0,valor,valor,0.35,,309,,,wpn_h1_stickerfix_001,char_mp_patch_circlefix_001_col,#,0,,
patch,309,1,em_st_308,MENU_EMBLEM_CAPS,0,0,0,0,valor,valor,0.35,,310,,,wpn_h1_stickerfix_001,char_mp_patch_circlefix_001_col,#,0,,
patch,310,1,em_st_309,MENU_EMBLEM_CAPS,0,0,0,0,valor,valor,0.35,,310,,,wpn_h1_stickerfix_001,char_mp_patch_circlefix_001_col,#,0,,
patch,311,1,em_st_310,MENU_EMBLEM_CAPS,0,0,0,0,valor,valor,0.35,,310,,,wpn_h1_stickerfix_001,char_mp_patch_circlefix_001_col,#,0,,
patch,312,1,em_st_311,MENU_EMBLEM_CAPS,0,0,0,0,valor,valor,0.35,,310,,,wpn_h1_stickerfix_001,char_mp_patch_circlefix_001_col,#,0,,
patch,313,1,em_st_312,MENU_EMBLEM_CAPS,0,0,0,0,valor,valor,0.35,,310,,,wpn_h1_stickerfix_001,char_mp_patch_circlefix_001_col,#,0,,
patch,314,1,em_st_313,MENU_EMBLEM_CAPS,0,0,0,0,valor,valor,0.35,,310,,,wpn_h1_stickerfix_001,char_mp_patch_circlefix_001_col,#,0,,
